week_start,Commodity_Name,Province_Name,actual,XGB_pred,XGB_ape
2026-01-05,Bawang Merah,Aceh,46442.86,48515.324,4.462395767078081
2026-01-12,Bawang Merah,Aceh,42991.67,45522.316,5.8863645125904664
2026-01-19,Bawang Merah,Aceh,40370.83,42242.105,4.635216736316786
2026-01-26,Bawang Merah,Aceh,36378.57,40208.305,10.527447031315415
2026-02-02,Bawang Merah,Aceh,36950.0,36259.227,1.8694815629228687
2026-02-09,Bawang Merah,Aceh,37100.0,37205.797,0.2851667789757412
2026-01-05,Bawang Merah,Bali,40021.43,44428.082,11.010731078949453
2026-01-12,Bawang Merah,Bali,38275.0,38888.836,1.6037516329196602
2026-01-19,Bawang Merah,Bali,36966.67,36471.48,1.33955677168108
2026-01-26,Bawang Merah,Bali,35092.86,36540.203,4.124323651591803
2026-02-02,Bawang Merah,Bali,35928.57,34182.78,4.859054368153255
2026-02-09,Bawang Merah,Bali,36487.5,36589.73,0.28017942788626243
2026-01-05,Bawang Merah,Banten,36300.0,38023.363,4.74755724862259
2026-01-12,Bawang Merah,Banten,36325.0,36087.457,0.6539379731589814
2026-01-19,Bawang Merah,Banten,39050.0,36961.22,5.348991677336748
2026-01-26,Bawang Merah,Banten,43028.57,41325.688,3.957562382389189
2026-02-02,Bawang Merah,Banten,44542.86,44125.285,0.9374675172406994
2026-02-09,Bawang Merah,Banten,45337.5,47244.355,4.205912255307417
2026-01-05,Bawang Merah,Bengkulu,41864.29,44734.207,6.855286525222329
2026-01-12,Bawang Merah,Bengkulu,43466.67,41585.87,4.326991016910195
2026-01-19,Bawang Merah,Bengkulu,40525.0,46198.637,14.000337368908081
2026-01-26,Bawang Merah,Bengkulu,41028.57,40762.19,0.6492514697685045
2026-02-02,Bawang Merah,Bengkulu,40900.0,42192.023,3.1589815097799514
2026-02-09,Bawang Merah,Bengkulu,40800.0,41890.207,2.6720760569852944
2026-01-05,Bawang Merah,DI Yogyakarta,43500.0,43645.203,0.33380028735632183
2026-01-12,Bawang Merah,DI Yogyakarta,42583.33,43880.406,3.04597186269838
2026-01-19,Bawang Merah,DI Yogyakarta,42750.0,41553.184,2.7995705409356724
2026-01-26,Bawang Merah,DI Yogyakarta,42750.0,43341.703,1.3841008771929824
2026-02-02,Bawang Merah,DI Yogyakarta,42750.0,43376.43,1.4653326023391813
2026-02-09,Bawang Merah,DI Yogyakarta,42750.0,43271.18,1.2191337719298245
2026-01-05,Bawang Merah,DKI Jakarta,45750.0,46519.63,1.682248975409836
2026-01-12,Bawang Merah,DKI Jakarta,44625.0,45234.2,1.3651523109243697
2026-01-19,Bawang Merah,DKI Jakarta,45583.33,44672.746,1.9976248032998065
2026-01-26,Bawang Merah,DKI Jakarta,46778.57,48800.977,4.323361236780005
2026-02-02,Bawang Merah,DKI Jakarta,48007.14,48233.652,0.47183053135429565
2026-02-09,Bawang Merah,DKI Jakarta,49050.0,49811.895,1.5533017966360856
2026-01-05,Bawang Merah,Gorontalo,59207.14,58514.023,1.1706638126752946
2026-01-12,Bawang Merah,Gorontalo,52608.33,57110.094,8.557131066506004
2026-01-19,Bawang Merah,Gorontalo,43441.67,51503.516,18.5578630494638
2026-01-26,Bawang Merah,Gorontalo,40992.86,45080.684,9.972038042112699
2026-02-02,Bawang Merah,Gorontalo,47042.86,42453.605,9.755475179974178
2026-02-09,Bawang Merah,Gorontalo,43875.0,50043.78,14.059900284900284
2026-01-05,Bawang Merah,Jambi,39042.86,37685.06,3.477720142043899
2026-01-12,Bawang Merah,Jambi,38891.67,39443.043,1.4177148184945563
2026-01-19,Bawang Merah,Jambi,35875.0,38921.805,8.492835365853658
2026-01-26,Bawang Merah,Jambi,36000.0,35510.42,1.3599392361111111
2026-02-02,Bawang Merah,Jambi,36300.0,36352.035,0.14334753787878787
2026-02-09,Bawang Merah,Jambi,36137.5,37191.086,2.915492044275337
2026-01-05,Bawang Merah,Jawa Barat,38985.71,39935.57,2.4364319964930763
2026-01-12,Bawang Merah,Jawa Barat,38983.33,38697.832,0.732359110291506
2026-01-19,Bawang Merah,Jawa Barat,38900.0,39230.684,0.8500863592544988
2026-01-26,Bawang Merah,Jawa Barat,40542.86,39461.44,2.6673465901270914
2026-02-02,Bawang Merah,Jawa Barat,43650.0,42467.66,2.708682345360825
2026-02-09,Bawang Merah,Jawa Barat,44787.5,46885.09,4.683426946692715
2026-01-05,Bawang Merah,Jawa Tengah,38400.0,40457.57,5.358256022135417
2026-01-12,Bawang Merah,Jawa Tengah,37375.0,37471.965,0.2594377090301003
2026-01-19,Bawang Merah,Jawa Tengah,36716.67,37204.31,1.3281122545971673
2026-01-26,Bawang Merah,Jawa Tengah,37935.71,36823.0,2.9331466314983934
2026-02-02,Bawang Merah,Jawa Tengah,39864.29,40080.137,0.5414538143034759
2026-02-09,Bawang Merah,Jawa Tengah,42400.0,42871.875,1.1129127358490567
2026-01-05,Bawang Merah,Jawa Timur,38464.29,39745.88,3.3318927926396125
2026-01-12,Bawang Merah,Jawa Timur,37175.0,37764.652,1.5861529085406858
2026-01-19,Bawang Merah,Jawa Timur,37275.0,36351.504,2.4775213782696177
2026-01-26,Bawang Merah,Jawa Timur,37135.71,37340.13,0.5504645158258745
2026-02-02,Bawang Merah,Jawa Timur,38400.0,37568.633,2.1650187174479165
2026-02-09,Bawang Merah,Jawa Timur,39675.0,40804.094,2.8458569628229364
2026-01-05,Bawang Merah,Kalimantan Barat,50078.57,56783.465,13.388750604799618
2026-01-12,Bawang Merah,Kalimantan Barat,47250.0,49677.64,5.137863756613757
2026-01-19,Bawang Merah,Kalimantan Barat,40475.0,47382.742,17.066688542310068
2026-01-26,Bawang Merah,Kalimantan Barat,37692.86,40564.52,7.618576916821911
2026-02-02,Bawang Merah,Kalimantan Barat,39842.86,37941.38,4.772451309343758
2026-02-09,Bawang Merah,Kalimantan Barat,55462.5,41745.64,24.73177259409511
2026-01-05,Bawang Merah,Kalimantan Selatan,48050.0,49840.277,3.7258633584807495
2026-01-12,Bawang Merah,Kalimantan Selatan,45666.67,48465.895,6.129688307139544
2026-01-19,Bawang Merah,Kalimantan Selatan,43900.0,45851.71,4.445810791571754
2026-01-26,Bawang Merah,Kalimantan Selatan,41750.0,43810.21,4.934636976047904
2026-02-02,Bawang Merah,Kalimantan Selatan,38564.29,41607.434,7.891091975892721
2026-02-09,Bawang Merah,Kalimantan Selatan,38650.0,38653.24,0.008378476714100904
2026-01-05,Bawang Merah,Kalimantan Tengah,49342.86,54620.99,10.696843031088996
2026-01-12,Bawang Merah,Kalimantan Tengah,45816.67,50069.94,9.283239934831585
2026-01-19,Bawang Merah,Kalimantan Tengah,43916.67,45472.895,3.5435850014356776
2026-01-26,Bawang Merah,Kalimantan Tengah,40907.14,44493.89,8.768030776534367
2026-02-02,Bawang Merah,Kalimantan Tengah,39200.0,41519.19,5.916304607780612
2026-02-09,Bawang Merah,Kalimantan Tengah,39900.0,39260.14,1.6036575814536342
2026-01-05,Bawang Merah,Kalimantan Timur,50578.57,51665.875,2.149734561495116
2026-01-12,Bawang Merah,Kalimantan Timur,49125.0,50855.38,3.522399809160305
2026-01-19,Bawang Merah,Kalimantan Timur,46133.33,49413.812,7.110872984889663
2026-01-26,Bawang Merah,Kalimantan Timur,43814.29,46150.98,5.333169768926985
2026-02-02,Bawang Merah,Kalimantan Timur,44214.29,44175.92,0.08677765717825815
2026-02-09,Bawang Merah,Kalimantan Timur,44512.5,44217.055,0.6637356079752879
2026-01-05,Bawang Merah,Kalimantan Utara,52350.0,54873.535,4.820506506685769
2026-01-12,Bawang Merah,Kalimantan Utara,52500.0,52443.77,0.10710565476190477
2026-01-19,Bawang Merah,Kalimantan Utara,48858.33,52181.2,6.801029054308648
2026-01-26,Bawang Merah,Kalimantan Utara,47321.43,48162.48,1.7773141444584404
2026-02-02,Bawang Merah,Kalimantan Utara,47021.43,46930.836,0.19266547720900937
2026-02-09,Bawang Merah,Kalimantan Utara,46900.0,47739.402,1.7897704557569296
2026-01-05,Bawang Merah,Kepulauan Bangka Belitung,46142.86,47607.008,3.1730755581686947
2026-01-12,Bawang Merah,Kepulauan Bangka Belitung,44491.67,46636.867,4.821570391716026
2026-01-19,Bawang Merah,Kepulauan Bangka Belitung,44500.0,44557.812,0.12991573033707865
2026-01-26,Bawang Merah,Kepulauan Bangka Belitung,44078.57,45478.797,3.1766613004913733
2026-02-02,Bawang Merah,Kepulauan Bangka Belitung,44685.71,45224.426,1.205566122256983
2026-02-09,Bawang Merah,Kepulauan Bangka Belitung,47400.0,47096.293,0.6407321334388186
2026-01-05,Bawang Merah,Kepulauan Riau,47591.07,48501.6,1.9132403673630374
2026-01-12,Bawang Merah,Kepulauan Riau,45250.0,47531.277,5.041496892265193
2026-01-19,Bawang Merah,Kepulauan Riau,42883.33,44365.61,3.456539813955675
2026-01-26,Bawang Merah,Kepulauan Riau,38964.29,41893.13,7.51672597203747
2026-02-02,Bawang Merah,Kepulauan Riau,37814.29,38141.42,0.8651011958706594
2026-02-09,Bawang Merah,Kepulauan Riau,36850.0,37039.9,0.5153281886024423
2026-01-05,Bawang Merah,Lampung,36414.29,37606.758,3.2747248744929505
2026-01-12,Bawang Merah,Lampung,35108.33,36019.707,2.595899694602387
2026-01-19,Bawang Merah,Lampung,35458.33,35106.41,0.9924884893056207
2026-01-26,Bawang Merah,Lampung,36385.71,35554.453,2.284569615379222
2026-02-02,Bawang Merah,Lampung,38085.71,37788.094,0.7814381036877063
2026-02-09,Bawang Merah,Lampung,38887.5,40026.824,2.9297954837672773
2026-01-05,Bawang Merah,Maluku,60021.43,60143.586,0.20352053841436255
2026-01-12,Bawang Merah,Maluku,57100.0,59413.875,4.052320490367776
2026-01-19,Bawang Merah,Maluku,53975.0,57026.715,5.653941350162112
2026-01-26,Bawang Merah,Maluku,49292.86,53065.734,7.653997708795958
2026-02-02,Bawang Merah,Maluku,47585.71,49887.133,4.836373803185874
2026-02-09,Bawang Merah,Maluku,47987.5,49705.31,3.579700117218026
2026-01-05,Bawang Merah,Maluku Utara,68750.0,70519.36,2.5736136363636364
2026-01-12,Bawang Merah,Maluku Utara,68750.0,68137.92,0.8902954545454546
2026-01-19,Bawang Merah,Maluku Utara,66875.0,68087.54,1.813142523364486
2026-01-26,Bawang Merah,Maluku Utara,64285.71,66907.195,4.077866313524423
2026-02-02,Bawang Merah,Maluku Utara,63750.0,65591.8,2.889093137254902
2026-02-09,Bawang Merah,Maluku Utara,63750.0,64624.957,1.372481617647059
2026-01-05,Bawang Merah,Nusa Tenggara Barat,43971.43,44817.89,1.925024100876409
2026-01-12,Bawang Merah,Nusa Tenggara Barat,41150.0,41503.13,0.8581504404617253
2026-01-19,Bawang Merah,Nusa Tenggara Barat,39725.0,39613.734,0.2800896790434235
2026-01-26,Bawang Merah,Nusa Tenggara Barat,38514.29,37971.66,1.408905223879243
2026-02-02,Bawang Merah,Nusa Tenggara Barat,36692.86,37497.152,2.1919587182628977
2026-02-09,Bawang Merah,Nusa Tenggara Barat,36200.0,35639.195,1.5491842196132597
2026-01-05,Bawang Merah,Nusa Tenggara Timur,48628.57,48352.445,0.5678239921511156
2026-01-12,Bawang Merah,Nusa Tenggara Timur,48750.0,48811.227,0.1255929487179487
2026-01-19,Bawang Merah,Nusa Tenggara Timur,48883.33,46874.207,4.110037038700108
2026-01-26,Bawang Merah,Nusa Tenggara Timur,47685.71,47143.715,1.1365986922497309
2026-02-02,Bawang Merah,Nusa Tenggara Timur,46500.0,46105.32,0.8487735215053762
2026-02-09,Bawang Merah,Nusa Tenggara Timur,45850.0,45706.24,0.31354791439476554
2026-01-05,Bawang Merah,Papua,74535.71,73452.23,1.4536434113259353
2026-01-12,Bawang Merah,Papua,72500.0,71639.64,1.1867025862068967
2026-01-19,Bawang Merah,Papua,73733.33,68022.6,7.745111250909191
2026-01-26,Bawang Merah,Papua,73435.71,69909.23,4.802137049536262
2026-02-02,Bawang Merah,Papua,69264.29,69186.1,0.11288419689279079
2026-02-09,Bawang Merah,Papua,67975.0,68259.82,0.4190074475910261
2026-01-05,Bawang Merah,Papua Barat,67321.43,64828.035,3.703716400186379
2026-01-12,Bawang Merah,Papua Barat,65625.0,65536.875,0.13428571428571429
2026-01-19,Bawang Merah,Papua Barat,64375.0,64995.08,0.9632281553398058
2026-01-26,Bawang Merah,Papua Barat,59821.43,63416.164,6.009107543066088
2026-02-02,Bawang Merah,Papua Barat,58750.0,60736.91,3.3819747340425534
2026-02-09,Bawang Merah,Papua Barat,56875.0,59857.03,5.243131868131868
2026-01-05,Bawang Merah,Riau,44071.43,45218.348,2.6024062669398287
2026-01-12,Bawang Merah,Riau,39225.0,43473.176,10.830276051625239
2026-01-19,Bawang Merah,Riau,37250.0,38364.89,2.992994966442953
2026-01-26,Bawang Merah,Riau,36935.71,36309.55,1.6952678552815126
2026-02-02,Bawang Merah,Riau,37107.14,36903.99,0.5474733939344273
2026-02-09,Bawang Merah,Riau,36937.5,37633.035,1.8830054991539762
2026-01-05,Bawang Merah,Sulawesi Barat,48350.0,49599.21,2.5836834281282317
2026-01-12,Bawang Merah,Sulawesi Barat,46116.67,46979.58,1.8711414440808534
2026-01-19,Bawang Merah,Sulawesi Barat,40066.67,45146.04,12.67729277851142
2026-01-26,Bawang Merah,Sulawesi Barat,38521.43,39481.63,2.492635673831422
2026-02-02,Bawang Merah,Sulawesi Barat,37500.0,38464.402,2.571739583333333
2026-02-09,Bawang Merah,Sulawesi Barat,38225.0,37693.176,1.3912994604316546
2026-01-05,Bawang Merah,Sulawesi Selatan,44664.29,47068.703,5.383300898771702
2026-01-12,Bawang Merah,Sulawesi Selatan,42875.0,43953.207,2.514768586005831
2026-01-19,Bawang Merah,Sulawesi Selatan,40083.33,41906.793,4.549180341927675
2026-01-26,Bawang Merah,Sulawesi Selatan,38142.86,38734.133,1.5501533248948807
2026-02-02,Bawang Merah,Sulawesi Selatan,38607.14,37882.984,1.8757038853434869
2026-02-09,Bawang Merah,Sulawesi Selatan,38562.5,38525.13,0.09691045380875202
2026-01-05,Bawang Merah,Sulawesi Tengah,56192.86,57500.07,2.326292544106136
2026-01-12,Bawang Merah,Sulawesi Tengah,51183.33,55640.17,8.70760436063851
2026-01-19,Bawang Merah,Sulawesi Tengah,45850.0,50560.992,10.274792121046893
2026-01-26,Bawang Merah,Sulawesi Tengah,43750.0,45916.254,4.9514375
2026-02-02,Bawang Merah,Sulawesi Tengah,43500.0,44603.363,2.536467313218391
2026-02-09,Bawang Merah,Sulawesi Tengah,44400.0,43406.18,2.238334037162162
2026-01-05,Bawang Merah,Sulawesi Tenggara,55857.14,56675.977,1.4659478850868495
2026-01-12,Bawang Merah,Sulawesi Tenggara,52283.33,54630.848,4.4899926157151775
2026-01-19,Bawang Merah,Sulawesi Tenggara,47741.67,51725.31,8.344154265550413
2026-01-26,Bawang Merah,Sulawesi Tenggara,46500.0,47727.34,2.6394405241935486
2026-02-02,Bawang Merah,Sulawesi Tenggara,45421.43,46178.492,1.6667511073517494
2026-02-09,Bawang Merah,Sulawesi Tenggara,44662.5,45461.75,1.7895326056535124
2026-01-05,Bawang Merah,Sulawesi Utara,61735.71,59077.465,4.305846901655459
2026-01-12,Bawang Merah,Sulawesi Utara,56125.0,58922.855,4.985043151447662
2026-01-19,Bawang Merah,Sulawesi Utara,50150.0,53854.863,7.387563870887338
2026-01-26,Bawang Merah,Sulawesi Utara,45807.14,50912.938,11.146291822628527
2026-02-02,Bawang Merah,Sulawesi Utara,44742.86,47146.844,5.372887987044188
2026-02-09,Bawang Merah,Sulawesi Utara,44700.0,46077.51,3.081681697427293
2026-01-05,Bawang Merah,Sumatera Barat,43521.43,45323.19,4.139940728624955
2026-01-12,Bawang Merah,Sumatera Barat,42066.67,43674.64,3.8224338294426485
2026-01-19,Bawang Merah,Sumatera Barat,38041.67,42246.965,11.054443308482519
2026-01-26,Bawang Merah,Sumatera Barat,36750.0,37344.344,1.6172619047619046
2026-02-02,Bawang Merah,Sumatera Barat,37492.86,35927.508,4.1750674328392146
2026-02-09,Bawang Merah,Sumatera Barat,37237.5,37538.6,0.8085976837865055
2026-01-05,Bawang Merah,Sumatera Selatan,45714.29,46435.105,1.5767836900671521
2026-01-12,Bawang Merah,Sumatera Selatan,45275.0,45362.586,0.19345320265046934
2026-01-19,Bawang Merah,Sumatera Selatan,45250.0,44574.242,1.4933874309392265
2026-01-26,Bawang Merah,Sumatera Selatan,44750.0,44757.113,0.015895600558659215
2026-02-02,Bawang Merah,Sumatera Selatan,43792.86,44762.746,2.2147128407461842
2026-02-09,Bawang Merah,Sumatera Selatan,44350.0,44109.047,0.5432990417136415
2026-01-05,Bawang Merah,Sumatera Utara,49614.29,50013.902,0.8054379972987604
2026-01-12,Bawang Merah,Sumatera Utara,46608.33,49743.754,6.727174962608612
2026-01-19,Bawang Merah,Sumatera Utara,42358.33,46672.656,10.185307706890235
2026-01-26,Bawang Merah,Sumatera Utara,40285.71,42069.586,4.428061308836312
2026-02-02,Bawang Merah,Sumatera Utara,39078.57,39846.82,1.965912039514241
2026-02-09,Bawang Merah,Sumatera Utara,39187.5,38654.05,1.361273923444976
2026-01-05,Bawang Putih,Aceh,38492.86,38022.047,1.2231180665713084
2026-01-12,Bawang Putih,Aceh,38025.0,38277.02,0.6627732577251808
2026-01-19,Bawang Putih,Aceh,36791.67,37795.625,2.728756264665349
2026-01-26,Bawang Putih,Aceh,36435.71,37165.055,2.001730410907324
2026-02-02,Bawang Putih,Aceh,36678.57,36729.754,0.13954716950524595
2026-02-09,Bawang Putih,Aceh,36487.5,37230.05,2.0350826481671804
2026-01-05,Bawang Putih,Bali,35357.14,36016.766,1.8656079790390305
2026-01-12,Bawang Putih,Bali,36100.0,36037.41,0.1733790685595568
2026-01-19,Bawang Putih,Bali,35891.67,36075.125,0.5111353135699781
2026-01-26,Bawang Putih,Bali,35464.29,36035.492,1.6106404146255267
2026-02-02,Bawang Putih,Bali,35114.29,35502.105,1.104437733896938
2026-02-09,Bawang Putih,Bali,34912.5,35598.08,1.963703902613677
2026-01-05,Bawang Putih,Banten,39650.0,39230.723,1.0574460119798235
2026-01-12,Bawang Putih,Banten,40016.67,39465.98,1.376150317480186
2026-01-19,Bawang Putih,Banten,39783.33,39755.633,0.06962008333641691
2026-01-26,Bawang Putih,Banten,39650.0,39351.63,0.7525122162673392
2026-02-02,Bawang Putih,Banten,39185.71,39130.29,0.14143150015655995
2026-02-09,Bawang Putih,Banten,39000.0,39196.727,0.5044270833333334
2026-01-05,Bawang Putih,Bengkulu,39835.71,40991.117,2.9004307630013395
2026-01-12,Bawang Putih,Bengkulu,40425.0,39798.133,1.5506918676561534
2026-01-19,Bawang Putih,Bengkulu,39833.33,40139.703,0.7691376166642313
2026-01-26,Bawang Putih,Bengkulu,39578.57,39783.375,0.5174643752919833
2026-02-02,Bawang Putih,Bengkulu,39678.57,39324.547,0.8922275298731778
2026-02-09,Bawang Putih,Bengkulu,39575.0,39699.195,0.3138226468730259
2026-01-05,Bawang Putih,DI Yogyakarta,39500.0,39456.02,0.1113429588607595
2026-01-12,Bawang Putih,DI Yogyakarta,39500.0,39352.902,0.3723991297468354
2026-01-19,Bawang Putih,DI Yogyakarta,42000.0,39324.082,6.371233258928571
2026-01-26,Bawang Putih,DI Yogyakarta,42000.0,42008.25,0.019642857142857142
2026-02-02,Bawang Putih,DI Yogyakarta,42000.0,41982.266,0.04222470238095238
2026-02-09,Bawang Putih,DI Yogyakarta,42500.0,42337.28,0.38286764705882353
2026-01-05,Bawang Putih,DKI Jakarta,45000.0,45073.414,0.1631423611111111
2026-01-12,Bawang Putih,DKI Jakarta,44575.0,45122.28,1.2277762198541784
2026-01-19,Bawang Putih,DKI Jakarta,44150.0,44392.633,0.5495646942242355
2026-01-26,Bawang Putih,DKI Jakarta,43578.57,44606.72,2.3592989627700045
2026-02-02,Bawang Putih,DKI Jakarta,43350.0,44253.234,2.0835856401384083
2026-02-09,Bawang Putih,DKI Jakarta,44150.0,44671.133,1.1803687712344282
2026-01-05,Bawang Putih,Gorontalo,42935.71,42238.902,1.6229093597147901
2026-01-12,Bawang Putih,Gorontalo,44150.0,43098.676,2.381255308607021
2026-01-19,Bawang Putih,Gorontalo,44150.0,44323.45,0.39286346262740657
2026-01-26,Bawang Putih,Gorontalo,44185.71,44007.44,0.403453047942421
2026-02-02,Bawang Putih,Gorontalo,44150.0,43693.016,1.0350721970554926
2026-02-09,Bawang Putih,Gorontalo,44150.0,44862.695,1.6142589184597962
2026-01-05,Bawang Putih,Jambi,34264.29,32833.85,4.174720788027421
2026-01-12,Bawang Putih,Jambi,35166.67,34423.023,2.1146345744422157
2026-01-19,Bawang Putih,Jambi,35550.0,35080.97,1.319356540084388
2026-01-26,Bawang Putih,Jambi,35650.0,35873.223,0.6261505084151473
2026-02-02,Bawang Putih,Jambi,35435.71,35436.98,0.0035852780994112244
2026-02-09,Bawang Putih,Jambi,35150.0,35563.1,1.1752533783783783
2026-01-05,Bawang Putih,Jawa Barat,39242.86,38653.023,1.5030417316678768
2026-01-12,Bawang Putih,Jawa Barat,39341.67,39226.945,0.2916111275906647
2026-01-19,Bawang Putih,Jawa Barat,39525.0,39258.098,0.6752747469955724
2026-01-26,Bawang Putih,Jawa Barat,39821.43,39117.75,1.7670887258443513
2026-02-02,Bawang Putih,Jawa Barat,40035.71,39593.508,1.1045194090475707
2026-02-09,Bawang Putih,Jawa Barat,39962.5,39952.125,0.025961839224272754
2026-01-05,Bawang Putih,Jawa Tengah,35971.43,35256.957,1.9862234243954169
2026-01-12,Bawang Putih,Jawa Tengah,36558.33,36225.44,0.9105683814058293
2026-01-19,Bawang Putih,Jawa Tengah,36400.0,36502.996,0.282956301510989
2026-01-26,Bawang Putih,Jawa Tengah,36028.57,36624.19,1.6531919147776342
2026-02-02,Bawang Putih,Jawa Tengah,35835.71,36158.816,0.9016324952121804
2026-02-09,Bawang Putih,Jawa Tengah,35825.0,36191.035,1.0217310711793441
2026-01-05,Bawang Putih,Jawa Timur,33421.43,32603.797,2.446433695386464
2026-01-12,Bawang Putih,Jawa Timur,34500.0,33111.01,4.026052989130434
2026-01-19,Bawang Putih,Jawa Timur,34133.33,34315.043,0.5323622651232629
2026-01-26,Bawang Putih,Jawa Timur,33450.0,34287.26,2.5030245702541105
2026-02-02,Bawang Putih,Jawa Timur,33271.43,33401.797,0.39182828931608804
2026-02-09,Bawang Putih,Jawa Timur,32700.0,33684.223,3.0098552178899083
2026-01-05,Bawang Putih,Kalimantan Barat,33457.14,33228.297,0.6839889034149345
2026-01-12,Bawang Putih,Kalimantan Barat,33208.33,33312.445,0.31352167513391443
2026-01-19,Bawang Putih,Kalimantan Barat,32450.0,33117.867,2.058142334360555
2026-01-26,Bawang Putih,Kalimantan Barat,31700.0,32425.51,2.288674339511041
2026-02-02,Bawang Putih,Kalimantan Barat,34092.86,31829.848,6.637789683089071
2026-02-09,Bawang Putih,Kalimantan Barat,45250.0,34105.633,24.628435773480664
2026-01-05,Bawang Putih,Kalimantan Selatan,37150.0,37256.535,0.2867702725437416
2026-01-12,Bawang Putih,Kalimantan Selatan,37441.67,37449.26,0.02027612216549568
2026-01-19,Bawang Putih,Kalimantan Selatan,37400.0,37476.55,0.20468123328877003
2026-01-26,Bawang Putih,Kalimantan Selatan,37400.0,37285.285,0.3067241811497326
2026-02-02,Bawang Putih,Kalimantan Selatan,37185.71,37546.703,0.9707845433097846
2026-02-09,Bawang Putih,Kalimantan Selatan,36750.0,37564.836,2.2172406462585035
2026-01-05,Bawang Putih,Kalimantan Tengah,37250.0,37801.94,1.4817218959731544
2026-01-12,Bawang Putih,Kalimantan Tengah,37250.0,37295.676,0.12261954697986577
2026-01-19,Bawang Putih,Kalimantan Tengah,37250.0,37404.84,0.415677432885906
2026-01-26,Bawang Putih,Kalimantan Tengah,37250.0,37373.375,0.33120805369127515
2026-02-02,Bawang Putih,Kalimantan Tengah,37478.57,37535.203,0.1511080198630852
2026-02-09,Bawang Putih,Kalimantan Tengah,38250.0,37889.367,0.9428308823529411
2026-01-05,Bawang Putih,Kalimantan Timur,39928.57,39808.24,0.30136746382352214
2026-01-12,Bawang Putih,Kalimantan Timur,40191.67,39831.023,0.8973166890054538
2026-01-19,Bawang Putih,Kalimantan Timur,40450.0,40027.895,1.0435240265760197
2026-01-26,Bawang Putih,Kalimantan Timur,40342.86,40639.71,0.735820260388082
2026-02-02,Bawang Putih,Kalimantan Timur,40757.14,40311.562,1.0932501642656953
2026-02-09,Bawang Putih,Kalimantan Timur,40837.5,41380.992,1.3308654729109275
2026-01-05,Bawang Putih,Kalimantan Utara,41757.14,43698.24,4.648542216373057
2026-01-12,Bawang Putih,Kalimantan Utara,40600.0,42375.188,4.3723830049261085
2026-01-19,Bawang Putih,Kalimantan Utara,41000.0,41059.016,0.14394054878048781
2026-01-26,Bawang Putih,Kalimantan Utara,40285.71,42131.977,4.582931671056563
2026-02-02,Bawang Putih,Kalimantan Utara,41028.57,40270.1,1.848634835432967
2026-02-09,Bawang Putih,Kalimantan Utara,41400.0,42130.17,1.7637001811594204
2026-01-05,Bawang Putih,Kepulauan Bangka Belitung,38692.86,37819.574,2.256968808327946
2026-01-12,Bawang Putih,Kepulauan Bangka Belitung,38583.33,38352.105,0.5992860938908117
2026-01-19,Bawang Putih,Kepulauan Bangka Belitung,38150.0,38173.03,0.06037024901703801
2026-01-26,Bawang Putih,Kepulauan Bangka Belitung,38242.86,38315.008,0.18865694798976704
2026-02-02,Bawang Putih,Kepulauan Bangka Belitung,38607.14,38465.266,0.3674822196101535
2026-02-09,Bawang Putih,Kepulauan Bangka Belitung,38225.0,39163.633,2.4555469260954874
2026-01-05,Bawang Putih,Kepulauan Riau,32850.0,32677.945,0.5237585616438356
2026-01-12,Bawang Putih,Kepulauan Riau,32000.0,32765.912,2.393475341796875
2026-01-19,Bawang Putih,Kepulauan Riau,32000.0,31743.67,0.8010314941406251
2026-01-26,Bawang Putih,Kepulauan Riau,31428.57,32076.877,2.06279494461568
2026-02-02,Bawang Putih,Kepulauan Riau,31750.0,31865.611,0.36413016732283465
2026-02-09,Bawang Putih,Kepulauan Riau,31850.0,32081.807,0.7278073489010989
2026-01-05,Bawang Putih,Lampung,35414.29,34880.848,1.5062912280607654
2026-01-12,Bawang Putih,Lampung,35866.67,35587.734,0.7777014844143554
2026-01-19,Bawang Putih,Lampung,36083.33,35903.38,0.49870977470760525
2026-01-26,Bawang Putih,Lampung,36007.14,36025.734,0.05164079957475263
2026-02-02,Bawang Putih,Lampung,36135.71,35899.605,0.653382848296046
2026-02-09,Bawang Putih,Lampung,36650.0,36366.566,0.7733522339699863
2026-01-05,Bawang Putih,Maluku,41900.0,42533.12,1.5110288633651552
2026-01-12,Bawang Putih,Maluku,41900.0,42529.87,1.5032723001193318
2026-01-19,Bawang Putih,Maluku,42300.0,42433.24,0.3149841164302601
2026-01-26,Bawang Putih,Maluku,42500.0,42932.17,1.016875
2026-02-02,Bawang Putih,Maluku,42500.0,42889.758,0.917077205882353
2026-02-09,Bawang Putih,Maluku,42500.0,43936.03,3.3788970588235294
2026-01-05,Bawang Putih,Maluku Utara,57500.0,57089.367,0.7141440217391304
2026-01-12,Bawang Putih,Maluku Utara,57083.33,57244.062,0.2815751989240961
2026-01-19,Bawang Putih,Maluku Utara,56250.0,57091.27,1.4955902777777779
2026-01-26,Bawang Putih,Maluku Utara,55000.0,56207.99,2.1963423295454545
2026-02-02,Bawang Putih,Maluku Utara,55000.0,56078.746,1.9613565340909092
2026-02-09,Bawang Putih,Maluku Utara,55000.0,56394.4,2.5352698863636363
2026-01-05,Bawang Putih,Nusa Tenggara Barat,37057.14,36675.438,1.0300376661555624
2026-01-12,Bawang Putih,Nusa Tenggara Barat,37266.67,37113.49,0.41104214234864095
2026-01-19,Bawang Putih,Nusa Tenggara Barat,38233.33,37583.47,1.6997244289210531
2026-01-26,Bawang Putih,Nusa Tenggara Barat,38235.71,38467.215,0.6054676211060311
2026-02-02,Bawang Putih,Nusa Tenggara Barat,37742.86,38213.74,1.247595654515846
2026-02-09,Bawang Putih,Nusa Tenggara Barat,37400.0,37749.76,0.9351917613636364
2026-01-05,Bawang Putih,Nusa Tenggara Timur,46557.14,45496.37,2.278423688074481
2026-01-12,Bawang Putih,Nusa Tenggara Timur,45850.0,46803.098,2.0787298936750274
2026-01-19,Bawang Putih,Nusa Tenggara Timur,45416.67,45912.645,1.0920539336107244
2026-01-26,Bawang Putih,Nusa Tenggara Timur,45764.29,45585.89,0.38982222820456924
2026-02-02,Bawang Putih,Nusa Tenggara Timur,46021.43,45909.547,0.243110926800841
2026-02-09,Bawang Putih,Nusa Tenggara Timur,46650.0,46686.805,0.0788953644158628
2026-01-05,Bawang Putih,Papua,57185.71,55992.402,2.086723512307531
2026-01-12,Bawang Putih,Papua,57508.33,56010.76,2.6040893227989783
2026-01-19,Bawang Putih,Papua,57566.67,56553.08,1.7607269536347998
2026-01-26,Bawang Putih,Papua,59542.86,56249.35,5.531323885852982
2026-02-02,Bawang Putih,Papua,57257.14,57447.953,0.33325647246788886
2026-02-09,Bawang Putih,Papua,56650.0,55596.758,1.8592095101500443
2026-01-05,Bawang Putih,Papua Barat,52500.0,54201.867,3.2416517857142857
2026-01-12,Bawang Putih,Papua Barat,52500.0,52483.74,0.030974702380952384
2026-01-19,Bawang Putih,Papua Barat,52916.67,52814.25,0.1935495941071089
2026-01-26,Bawang Putih,Papua Barat,52500.0,53601.0,2.097142857142857
2026-02-02,Bawang Putih,Papua Barat,51785.71,53045.902,2.433475072080697
2026-02-09,Bawang Putih,Papua Barat,52187.5,51725.18,0.8858832335329341
2026-01-05,Bawang Putih,Riau,37264.29,36483.996,2.093945453542791
2026-01-12,Bawang Putih,Riau,36858.33,37057.96,0.5416168814485036
2026-01-19,Bawang Putih,Riau,36341.67,36650.195,0.8489574433425919
2026-01-26,Bawang Putih,Riau,35992.86,36396.28,1.1208368826483903
2026-02-02,Bawang Putih,Riau,35764.29,36322.46,1.5606934668631731
2026-02-09,Bawang Putih,Riau,35400.0,36214.04,2.2995453742937855
2026-01-05,Bawang Putih,Sulawesi Barat,41350.0,40770.715,1.400931454050786
2026-01-12,Bawang Putih,Sulawesi Barat,40175.0,41427.15,3.116735376477909
2026-01-19,Bawang Putih,Sulawesi Barat,39850.0,39977.38,0.3196459378920954
2026-01-26,Bawang Putih,Sulawesi Barat,40500.0,39701.035,1.9727527006172838
2026-02-02,Bawang Putih,Sulawesi Barat,40500.0,40751.008,0.6197723765432098
2026-02-09,Bawang Putih,Sulawesi Barat,39850.0,40883.258,2.5928677854454203
2026-01-05,Bawang Putih,Sulawesi Selatan,37828.57,37708.684,0.3169202701820336
2026-01-12,Bawang Putih,Sulawesi Selatan,39000.0,37759.05,3.1819210737179486
2026-01-19,Bawang Putih,Sulawesi Selatan,39000.0,38506.97,1.2641826923076922
2026-01-26,Bawang Putih,Sulawesi Selatan,38650.0,38587.914,0.16063631953428203
2026-02-02,Bawang Putih,Sulawesi Selatan,39207.14,38658.14,1.400253563509094
2026-02-09,Bawang Putih,Sulawesi Selatan,39112.5,39325.668,0.5450123841482902
2026-01-05,Bawang Putih,Sulawesi Tengah,43007.14,43303.02,0.6879776968428977
2026-01-12,Bawang Putih,Sulawesi Tengah,43983.33,43100.22,2.0078317171528437
2026-01-19,Bawang Putih,Sulawesi Tengah,44400.0,43818.7,1.3092359938063063
2026-01-26,Bawang Putih,Sulawesi Tengah,44400.0,44282.96,0.26360149211711714
2026-02-02,Bawang Putih,Sulawesi Tengah,45278.57,43681.07,3.5281584367615846
2026-02-09,Bawang Putih,Sulawesi Tengah,46250.0,45171.945,2.330929054054054
2026-01-05,Bawang Putih,Sulawesi Tenggara,46250.0,46866.594,1.3331756756756756
2026-01-12,Bawang Putih,Sulawesi Tenggara,46250.0,47109.684,1.858775337837838
2026-01-19,Bawang Putih,Sulawesi Tenggara,46250.0,47111.195,1.8620439189189189
2026-01-26,Bawang Putih,Sulawesi Tenggara,46250.0,47205.66,2.0662922297297297
2026-02-02,Bawang Putih,Sulawesi Tenggara,46050.0,46930.703,1.9124932138979371
2026-02-09,Bawang Putih,Sulawesi Tenggara,45900.0,46973.11,2.3379289215686274
2026-01-05,Bawang Putih,Sulawesi Utara,43250.0,43748.35,1.1522579479768784
2026-01-12,Bawang Putih,Sulawesi Utara,43183.33,43808.742,1.4482722557523893
2026-01-19,Bawang Putih,Sulawesi Utara,43150.0,43348.918,0.46099181633835457
2026-01-26,Bawang Putih,Sulawesi Utara,42592.86,43271.49,1.5932911789675535
2026-02-02,Bawang Putih,Sulawesi Utara,42500.0,42761.71,0.6157904411764706
2026-02-09,Bawang Putih,Sulawesi Utara,42662.5,43603.36,2.2053545268092587
2026-01-05,Bawang Putih,Sumatera Barat,34750.0,33084.875,4.791726618705036
2026-01-12,Bawang Putih,Sumatera Barat,35500.0,34988.742,1.4401628521126761
2026-01-19,Bawang Putih,Sumatera Barat,36000.0,35524.22,1.3216145833333333
2026-01-26,Bawang Putih,Sumatera Barat,36000.0,35991.277,0.024229600694444443
2026-02-02,Bawang Putih,Sumatera Barat,36171.43,35859.67,0.8618905169079584
2026-02-09,Bawang Putih,Sumatera Barat,36250.0,36107.832,0.3921875
2026-01-05,Bawang Putih,Sumatera Selatan,39857.14,39053.234,2.016967662506641
2026-01-12,Bawang Putih,Sumatera Selatan,37091.67,39586.113,6.72507676588841
2026-01-19,Bawang Putih,Sumatera Selatan,38833.33,37337.656,3.8515207168687353
2026-01-26,Bawang Putih,Sumatera Selatan,39007.14,39050.94,0.11229074023371255
2026-02-02,Bawang Putih,Sumatera Selatan,37992.86,38586.848,1.5634191694176205
2026-02-09,Bawang Putih,Sumatera Selatan,38912.5,38751.902,0.41271482492772243
2026-01-05,Bawang Putih,Sumatera Utara,40085.71,40943.434,2.139724090579912
2026-01-12,Bawang Putih,Sumatera Utara,39883.33,39542.83,0.8537448477847807
2026-01-19,Bawang Putih,Sumatera Utara,38783.33,39645.855,2.223959285471356
2026-01-26,Bawang Putih,Sumatera Utara,38178.57,38430.914,0.6609573446569641
2026-02-02,Bawang Putih,Sumatera Utara,37328.57,38931.934,4.295271942509451
2026-02-09,Bawang Putih,Sumatera Utara,37075.0,38265.832,3.21195423128793
2026-01-05,Beras,Aceh,15100.0,15158.271,0.3859038700331126
2026-01-12,Beras,Aceh,15166.67,15121.147,0.3001485432365844
2026-01-19,Beras,Aceh,15200.0,15263.62,0.4185534025493421
2026-01-26,Beras,Aceh,15192.86,15231.733,0.25586623214786036
2026-02-02,Beras,Aceh,15307.14,15239.668,0.44078796724926683
2026-02-09,Beras,Aceh,15300.0,15372.367,0.47298815359477125
2026-01-05,Beras,Bali,15385.71,15469.861,0.5469447176958416
2026-01-12,Beras,Bali,15400.0,15472.471,0.47058898133116883
2026-01-19,Beras,Bali,15400.0,15484.988,0.5518719561688311
2026-01-26,Beras,Bali,15400.0,15469.058,0.44842608563311687
2026-02-02,Beras,Bali,15400.0,15470.382,0.4570249086850649
2026-02-09,Beras,Bali,15400.0,15470.367,0.456929788961039
2026-01-05,Beras,Banten,14950.0,15030.26,0.5368546195652174
2026-01-12,Beras,Banten,14950.0,15030.278,0.5369787311872909
2026-01-19,Beras,Banten,14950.0,15050.909,0.6749777905518395
2026-01-26,Beras,Banten,14950.0,15030.347,0.5374359845317725
2026-02-02,Beras,Banten,14950.0,15022.642,0.48589700041806017
2026-02-09,Beras,Banten,14950.0,15011.758,0.4130957357859532
2026-01-05,Beras,Bengkulu,15500.0,15609.007,0.7032699092741935
2026-01-12,Beras,Bengkulu,15508.33,15604.26,0.6185692826048974
2026-01-19,Beras,Bengkulu,15500.0,15639.717,0.901398689516129
2026-01-26,Beras,Bengkulu,15500.0,15608.228,0.6982421875
2026-02-02,Beras,Bengkulu,15457.14,15602.045,0.9374626992768429
2026-02-09,Beras,Bengkulu,15450.0,15569.062,0.7706247471682848
2026-01-05,Beras,DI Yogyakarta,14200.0,14263.617,0.44800836267605637
2026-01-12,Beras,DI Yogyakarta,14200.0,14261.763,0.4349485585387324
2026-01-19,Beras,DI Yogyakarta,14200.0,14262.916,0.4430705325704225
2026-01-26,Beras,DI Yogyakarta,14200.0,14262.952,0.4433249889964789
2026-02-02,Beras,DI Yogyakarta,14200.0,14273.858,0.5201295664612676
2026-02-09,Beras,DI Yogyakarta,14200.0,14274.789,0.5266835387323944
2026-01-05,Beras,DKI Jakarta,16300.0,16409.156,0.669670245398773
2026-01-12,Beras,DKI Jakarta,16433.33,16408.752,0.1495621817063355
2026-01-19,Beras,DKI Jakarta,16500.0,16525.344,0.15359848484848485
2026-01-26,Beras,DKI Jakarta,16500.0,16614.443,0.6935961174242424
2026-02-02,Beras,DKI Jakarta,16500.0,16561.26,0.3712713068181818
2026-02-09,Beras,DKI Jakarta,16550.0,16570.156,0.12179003021148037
2026-01-05,Beras,Gorontalo,15350.0,15432.218,0.5356206738599348
2026-01-12,Beras,Gorontalo,15266.67,15488.829,1.455190303861287
2026-01-19,Beras,Gorontalo,15241.67,15388.927,0.9661458213732479
2026-01-26,Beras,Gorontalo,15157.14,15325.274,1.1092753254406873
2026-02-02,Beras,Gorontalo,15192.86,15240.783,0.31543240130560946
2026-02-09,Beras,Gorontalo,15300.0,15364.315,0.42036228553921573
2026-01-05,Beras,Jambi,15400.0,15474.153,0.48151506696428575
2026-01-12,Beras,Jambi,15400.0,15474.787,0.4856305803571428
2026-01-19,Beras,Jambi,15400.0,15485.922,0.5579342532467533
2026-01-26,Beras,Jambi,15400.0,15480.256,0.5211419439935066
2026-02-02,Beras,Jambi,15400.0,15475.276,0.48880757913961037
2026-02-09,Beras,Jambi,15400.0,15475.241,0.4885792918019481
2026-01-05,Beras,Jawa Barat,14800.0,14912.535,0.7603726773648648
2026-01-12,Beras,Jawa Barat,14833.33,14907.85,0.5023795019392144
2026-01-19,Beras,Jawa Barat,14850.0,14919.094,0.46527777777777773
2026-01-26,Beras,Jawa Barat,14850.0,14937.544,0.5895215172558923
2026-02-02,Beras,Jawa Barat,14850.0,14924.97,0.5048466435185185
2026-02-09,Beras,Jawa Barat,14875.0,14926.688,0.34748555672268905
2026-01-05,Beras,Jawa Tengah,15014.29,15082.381,0.45350702147753325
2026-01-12,Beras,Jawa Tengah,15000.0,15078.876,0.52583984375
2026-01-19,Beras,Jawa Tengah,15016.67,15073.398,0.37776975521204054
2026-01-26,Beras,Jawa Tengah,15028.57,15088.953,0.40178889275560015
2026-02-02,Beras,Jawa Tengah,15050.0,15084.264,0.22766559385382062
2026-02-09,Beras,Jawa Tengah,15087.5,15130.771,0.2868035418392709
2026-01-05,Beras,Jawa Timur,14550.0,14645.306,0.6550217461340206
2026-01-12,Beras,Jawa Timur,14516.67,14657.478,0.9699713437207013
2026-01-19,Beras,Jawa Timur,14550.0,14629.637,0.5473314003436427
2026-01-26,Beras,Jawa Timur,14550.0,14669.979,0.8245946091065292
2026-02-02,Beras,Jawa Timur,14550.0,14643.636,0.6435446198453608
2026-02-09,Beras,Jawa Timur,14587.5,14660.147,0.49801172879177374
2026-01-05,Beras,Kalimantan Barat,16285.71,16697.98,2.5314860006103563
2026-01-12,Beras,Kalimantan Barat,16275.0,16423.3,0.9112183179723503
2026-01-19,Beras,Kalimantan Barat,16250.0,16372.772,0.7555228365384615
2026-01-26,Beras,Kalimantan Barat,16250.0,16353.763,0.6385396634615385
2026-02-02,Beras,Kalimantan Barat,16271.43,16370.183,0.6069080418100911
2026-02-09,Beras,Kalimantan Barat,16300.0,16393.85,0.5757644746932515
2026-01-05,Beras,Kalimantan Selatan,17750.0,17582.72,0.9424185739436619
2026-01-12,Beras,Kalimantan Selatan,17750.0,17801.41,0.2896346830985916
2026-01-19,Beras,Kalimantan Selatan,17750.0,17694.928,0.3102662852112676
2026-01-26,Beras,Kalimantan Selatan,17750.0,17681.154,0.3878631161971831
2026-02-02,Beras,Kalimantan Selatan,17750.0,17740.434,0.05389524647887325
2026-02-09,Beras,Kalimantan Selatan,17750.0,17734.293,0.08849031690140846
2026-01-05,Beras,Kalimantan Tengah,17928.57,17629.633,1.6673788679186334
2026-01-12,Beras,Kalimantan Tengah,17883.33,17706.559,0.9884703030699638
2026-01-19,Beras,Kalimantan Tengah,17750.0,17707.164,0.24132922535211268
2026-01-26,Beras,Kalimantan Tengah,17814.29,17665.012,0.8379693002078716
2026-02-02,Beras,Kalimantan Tengah,17850.0,17851.074,0.006018032212885154
2026-02-09,Beras,Kalimantan Tengah,17825.0,17779.924,0.2528817496493689
2026-01-05,Beras,Kalimantan Timur,16200.0,16303.123,0.6365620177469136
2026-01-12,Beras,Kalimantan Timur,16208.33,16290.793,0.5087690635000649
2026-01-19,Beras,Kalimantan Timur,16083.33,16290.32,1.2869866656967188
2026-01-26,Beras,Kalimantan Timur,16050.0,16189.718,0.8705157223520249
2026-02-02,Beras,Kalimantan Timur,16050.0,16132.739,0.515509394470405
2026-02-09,Beras,Kalimantan Timur,16050.0,16126.468,0.4764347254672897
2026-01-05,Beras,Kalimantan Utara,17292.86,17342.719,0.288319861491965
2026-01-12,Beras,Kalimantan Utara,17150.0,17336.613,1.0881240889212829
2026-01-19,Beras,Kalimantan Utara,17183.33,17208.154,0.14446732312653165
2026-01-26,Beras,Kalimantan Utara,17250.0,17243.566,0.037296195652173916
2026-02-02,Beras,Kalimantan Utara,17378.57,17412.547,0.195510188697921
2026-02-09,Beras,Kalimantan Utara,17362.5,17455.873,0.5377857271418287
2026-01-05,Beras,Kepulauan Bangka Belitung,15214.29,15350.754,0.8969456100153154
2026-01-12,Beras,Kepulauan Bangka Belitung,15150.0,15289.467,0.9205729166666666
2026-01-19,Beras,Kepulauan Bangka Belitung,15150.0,15184.413,0.22714908209570958
2026-01-26,Beras,Kepulauan Bangka Belitung,15150.0,15191.442,0.27354708127062705
2026-02-02,Beras,Kepulauan Bangka Belitung,15150.0,15201.34,0.3388768564356436
2026-02-09,Beras,Kepulauan Bangka Belitung,15150.0,15195.1045,0.29771942037953797
2026-01-05,Beras,Kepulauan Riau,15278.57,15351.952,0.48029461158668835
2026-01-12,Beras,Kepulauan Riau,15450.0,15307.3125,0.9235436893203883
2026-01-19,Beras,Kepulauan Riau,15450.0,15569.541,0.773728256472492
2026-01-26,Beras,Kepulauan Riau,15492.86,15487.104,0.037155724475665446
2026-02-02,Beras,Kepulauan Riau,15450.0,15562.62,0.7289327973300971
2026-02-09,Beras,Kepulauan Riau,15450.0,15493.735,0.28307670914239486
2026-01-05,Beras,Lampung,14750.0,14801.266,0.3475635593220339
2026-01-12,Beras,Lampung,14750.0,14824.195,0.5030190677966102
2026-01-19,Beras,Lampung,14750.0,14796.737,0.31686308262711865
2026-01-26,Beras,Lampung,14750.0,14851.744,0.6897907838983051
2026-02-02,Beras,Lampung,14771.43,14831.824,0.40885830789571287
2026-02-09,Beras,Lampung,14837.5,14831.819,0.038285857203032854
2026-01-05,Beras,Maluku,16650.0,16705.03,0.3305062875375376
2026-01-12,Beras,Maluku,16650.0,16689.703,0.2384572072072072
2026-01-19,Beras,Maluku,16650.0,16749.133,0.5953922672672672
2026-01-26,Beras,Maluku,16692.86,16731.707,0.2327164503266631
2026-02-02,Beras,Maluku,16700.0,16793.982,0.5627689932634731
2026-02-09,Beras,Maluku,16700.0,16770.979,0.4250210516467066
2026-01-05,Beras,Maluku Utara,17400.0,17418.324,0.10531160201149425
2026-01-12,Beras,Maluku Utara,17400.0,17424.566,0.14118624281609196
2026-01-19,Beras,Maluku Utara,17400.0,17411.318,0.06504804238505747
2026-01-26,Beras,Maluku Utara,17400.0,17419.922,0.1144935344827586
2026-02-02,Beras,Maluku Utara,17357.14,17414.008,0.32763354158577157
2026-02-09,Beras,Maluku Utara,17300.0,17385.412,0.493711614884393
2026-01-05,Beras,Nusa Tenggara Barat,13850.0,13853.102,0.022393953068592057
2026-01-12,Beras,Nusa Tenggara Barat,13933.33,13881.875,0.36929434672113504
2026-01-19,Beras,Nusa Tenggara Barat,13850.0,13911.543,0.44435356498194944
2026-01-26,Beras,Nusa Tenggara Barat,13850.0,13870.87,0.1506867666967509
2026-02-02,Beras,Nusa Tenggara Barat,13850.0,13868.549,0.1339265568592058
2026-02-09,Beras,Nusa Tenggara Barat,13850.0,13871.203,0.15309115523465705
2026-01-05,Beras,Nusa Tenggara Timur,15300.0,15376.6875,0.5012254901960784
2026-01-12,Beras,Nusa Tenggara Timur,15300.0,15351.526,0.336773641748366
2026-01-19,Beras,Nusa Tenggara Timur,15300.0,15381.583,0.5332222732843137
2026-01-26,Beras,Nusa Tenggara Timur,15300.0,15374.056,0.48402394812091504
2026-02-02,Beras,Nusa Tenggara Timur,15300.0,15365.946,0.43102149714052285
2026-02-09,Beras,Nusa Tenggara Timur,15300.0,15369.22,0.45241651348039214
2026-01-05,Beras,Papua,18857.14,18736.316,0.640731276057766
2026-01-12,Beras,Papua,18858.33,18924.914,0.35307507345559364
2026-01-19,Beras,Papua,18850.0,18914.209,0.34063121684350134
2026-01-26,Beras,Papua,18871.43,18968.482,0.5142822874313167
2026-02-02,Beras,Papua,19050.0,19067.5,0.09186351706036745
2026-02-09,Beras,Papua,19050.0,19254.129,1.0715428149606299
2026-01-05,Beras,Papua Barat,16800.0,16906.389,0.6332659040178571
2026-01-12,Beras,Papua Barat,16800.0,16898.127,0.5840890066964285
2026-01-19,Beras,Papua Barat,16800.0,16897.355,0.5794968377976191
2026-01-26,Beras,Papua Barat,16750.0,16900.291,0.8972597947761195
2026-02-02,Beras,Papua Barat,16735.71,16869.69,0.8005603175784051
2026-02-09,Beras,Papua Barat,16775.0,16781.4,0.03815434053651267
2026-01-05,Beras,Riau,16350.0,16413.738,0.3898365825688073
2026-01-12,Beras,Riau,16350.0,16454.895,0.6415567660550459
2026-01-19,Beras,Riau,16350.0,16472.809,0.7511228975535168
2026-01-26,Beras,Riau,16350.0,16472.082,0.7466790902140673
2026-02-02,Beras,Riau,16350.0,16468.592,0.7253320909785933
2026-02-09,Beras,Riau,16350.0,16470.367,0.736190749235474
2026-01-05,Beras,Sulawesi Barat,14350.0,14390.803,0.284339612369338
2026-01-12,Beras,Sulawesi Barat,14350.0,14450.089,0.6974833950348432
2026-01-19,Beras,Sulawesi Barat,14350.0,14444.218,0.6565698497386759
2026-01-26,Beras,Sulawesi Barat,14350.0,14436.187,0.6006029507839721
2026-02-02,Beras,Sulawesi Barat,14350.0,14465.959,0.8080765461672474
2026-02-09,Beras,Sulawesi Barat,14350.0,14474.314,0.8663028092334494
2026-01-05,Beras,Sulawesi Selatan,14150.0,14168.725,0.13232939487632508
2026-01-12,Beras,Sulawesi Selatan,14150.0,14169.73,0.1394379416961131
2026-01-19,Beras,Sulawesi Selatan,14200.0,14158.465,0.2925011003521127
2026-01-26,Beras,Sulawesi Selatan,14200.0,14228.113,0.1979808538732394
2026-02-02,Beras,Sulawesi Selatan,14235.71,14253.899,0.12777314276914095
2026-02-09,Beras,Sulawesi Selatan,14262.5,14287.559,0.1756956617002629
2026-01-05,Beras,Sulawesi Tengah,15350.0,15477.145,0.8283031351791531
2026-01-12,Beras,Sulawesi Tengah,15350.0,15487.847,0.8980239719055375
2026-01-19,Beras,Sulawesi Tengah,15350.0,15475.762,0.8192945846905537
2026-01-26,Beras,Sulawesi Tengah,15300.0,15470.525,1.1145450367647058
2026-02-02,Beras,Sulawesi Tengah,15300.0,15415.626,0.7557253370098039
2026-02-09,Beras,Sulawesi Tengah,15300.0,15414.001,0.7451044219771241
2026-01-05,Beras,Sulawesi Tenggara,15500.0,15642.119,0.9168976814516129
2026-01-12,Beras,Sulawesi Tenggara,15500.0,15640.181,0.9043913810483871
2026-01-19,Beras,Sulawesi Tenggara,15500.0,15660.926,1.0382308467741934
2026-01-26,Beras,Sulawesi Tenggara,15500.0,15668.874,1.0895098286290321
2026-02-02,Beras,Sulawesi Tenggara,15471.43,15670.897,1.2892632480481745
2026-02-09,Beras,Sulawesi Tenggara,15450.0,15620.727,1.1050262944983817
2026-01-05,Beras,Sulawesi Utara,15000.0,15010.403,0.06935546875000001
2026-01-12,Beras,Sulawesi Utara,14975.0,15038.734,0.42560517529215364
2026-01-19,Beras,Sulawesi Utara,14950.0,15100.786,1.0086028950668897
2026-01-26,Beras,Sulawesi Utara,15014.29,14990.1045,0.1610832600975529
2026-02-02,Beras,Sulawesi Utara,15000.0,15097.195,0.64796875
2026-02-09,Beras,Sulawesi Utara,15000.0,15121.845,0.8122981770833333
2026-01-05,Beras,Sumatera Barat,18200.0,18104.0,0.5274725274725275
2026-01-12,Beras,Sumatera Barat,18200.0,18221.83,0.1199454842032967
2026-01-19,Beras,Sumatera Barat,18150.0,18265.51,0.6364174414600551
2026-01-26,Beras,Sumatera Barat,18250.0,18244.104,0.032309503424657535
2026-02-02,Beras,Sumatera Barat,18292.86,18451.545,0.8674691758150416
2026-02-09,Beras,Sumatera Barat,18300.0,18374.723,0.4083205259562841
2026-01-05,Beras,Sumatera Selatan,15500.0,15580.021,0.5162676411290322
2026-01-12,Beras,Sumatera Selatan,15500.0,15584.793,0.5470514112903226
2026-01-19,Beras,Sumatera Selatan,15500.0,15597.673,0.6301474294354839
2026-01-26,Beras,Sumatera Selatan,15500.0,15594.344,0.6086693548387097
2026-02-02,Beras,Sumatera Selatan,15528.57,15595.211,0.42915051096141044
2026-02-09,Beras,Sumatera Selatan,15575.0,15633.538,0.37584645866773675
2026-01-05,Beras,Sumatera Utara,15200.0,15109.321,0.596570466694079
2026-01-12,Beras,Sumatera Utara,15066.67,15254.023,1.2434959914831873
2026-01-19,Beras,Sumatera Utara,15066.67,15087.048,0.13525119726190277
2026-01-26,Beras,Sumatera Utara,15050.0,15080.19,0.20060086171096347
2026-02-02,Beras,Sumatera Utara,14992.86,15073.161,0.5355958290312817
2026-02-09,Beras,Sumatera Utara,14912.5,15042.027,0.868582355406538
2026-01-05,Cabai Merah,Aceh,31414.29,33418.19,6.3789485812030104
2026-01-12,Cabai Merah,Aceh,28150.0,41054.113,45.84054451598579
2026-01-19,Cabai Merah,Aceh,27766.67,35153.652,26.603774754949015
2026-01-26,Cabai Merah,Aceh,31385.71,32632.822,3.9735034371534086
2026-02-02,Cabai Merah,Aceh,35757.14,36113.13,0.995574327952405
2026-02-09,Cabai Merah,Aceh,37487.5,40152.598,7.109296848949651
2026-01-05,Cabai Merah,Bali,30042.86,34084.016,13.45130132417486
2026-01-12,Cabai Merah,Bali,26966.67,33634.54,24.726334629006853
2026-01-19,Cabai Merah,Bali,27416.67,29549.75,7.780230057114894
2026-01-26,Cabai Merah,Bali,29550.0,28955.357,2.0123268295262267
2026-02-02,Cabai Merah,Bali,34742.86,31754.99,8.599953387904739
2026-02-09,Cabai Merah,Bali,37000.0,37675.617,1.8259923986486486
2026-01-05,Cabai Merah,Banten,35364.29,43605.31,23.303220830249945
2026-01-12,Cabai Merah,Banten,34033.33,37968.566,11.562889691517105
2026-01-19,Cabai Merah,Banten,35841.67,40202.39,12.166622328144872
2026-01-26,Cabai Merah,Banten,38735.71,40174.703,3.7149006046358797
2026-02-02,Cabai Merah,Banten,39092.86,41896.15,7.170845104451297
2026-02-09,Cabai Merah,Banten,41675.0,40893.11,1.8761622675464908
2026-01-05,Cabai Merah,Bengkulu,38471.43,51102.676,32.832795093007974
2026-01-12,Cabai Merah,Bengkulu,35966.67,43273.957,20.31682952925584
2026-01-19,Cabai Merah,Bengkulu,33908.33,39322.824,15.968035638293005
2026-01-26,Cabai Merah,Bengkulu,33350.0,40480.85,21.381863755622188
2026-02-02,Cabai Merah,Bengkulu,44907.14,38256.758,14.809186662744498
2026-02-09,Cabai Merah,Bengkulu,44525.0,49905.56,12.084353944413252
2026-01-05,Cabai Merah,DI Yogyakarta,42021.43,51537.668,22.646154518658694
2026-01-12,Cabai Merah,DI Yogyakarta,35833.33,44085.69,23.02984792719515
2026-01-19,Cabai Merah,DI Yogyakarta,36250.0,38255.266,5.531767241379311
2026-01-26,Cabai Merah,DI Yogyakarta,34785.71,39475.312,13.481405151713163
2026-02-02,Cabai Merah,DI Yogyakarta,40428.57,38564.1,4.6117595490021035
2026-02-09,Cabai Merah,DI Yogyakarta,43637.5,46938.84,7.565373460326554
2026-01-05,Cabai Merah,DKI Jakarta,46164.29,53329.574,15.521270269184253
2026-01-12,Cabai Merah,DKI Jakarta,43033.33,53493.86,24.307970995969864
2026-01-19,Cabai Merah,DKI Jakarta,41450.0,48952.71,18.100629523522315
2026-01-26,Cabai Merah,DKI Jakarta,41871.43,46290.727,10.55444383556998
2026-02-02,Cabai Merah,DKI Jakarta,41207.14,50132.99,21.660926434714955
2026-02-09,Cabai Merah,DKI Jakarta,45562.5,47922.176,5.178986625514403
2026-01-05,Cabai Merah,Gorontalo,27864.29,34142.2,22.530303907797393
2026-01-12,Cabai Merah,Gorontalo,28250.0,31276.264,10.712437776548672
2026-01-19,Cabai Merah,Gorontalo,25225.0,31037.812,23.043855302279486
2026-01-26,Cabai Merah,Gorontalo,24478.57,26569.63,8.542414280634041
2026-02-02,Cabai Merah,Gorontalo,33042.86,24863.008,24.75527901489157
2026-02-09,Cabai Merah,Gorontalo,31112.5,35159.4,13.007307151466453
2026-01-05,Cabai Merah,Jambi,32835.71,42920.867,30.71399152782139
2026-01-12,Cabai Merah,Jambi,29483.33,38378.95,30.17169098181921
2026-01-19,Cabai Merah,Jambi,28666.67,34630.812,20.805145836610954
2026-01-26,Cabai Merah,Jambi,31285.71,34985.797,11.82676332101781
2026-02-02,Cabai Merah,Jambi,40164.29,40279.336,0.2864383697558182
2026-02-09,Cabai Merah,Jambi,42612.5,45394.45,6.528481592842477
2026-01-05,Cabai Merah,Jawa Barat,39635.71,47917.73,20.89535035136245
2026-01-12,Cabai Merah,Jawa Barat,37433.33,42831.02,14.419474653337009
2026-01-19,Cabai Merah,Jawa Barat,36575.0,41437.23,13.293863209159262
2026-01-26,Cabai Merah,Jawa Barat,38257.14,39770.516,3.955799165855055
2026-02-02,Cabai Merah,Jawa Barat,39828.57,43897.56,10.216255802681342
2026-02-09,Cabai Merah,Jawa Barat,43275.0,46141.72,6.624422299248989
2026-01-05,Cabai Merah,Jawa Tengah,35278.57,37592.625,6.559378682299198
2026-01-12,Cabai Merah,Jawa Tengah,30283.33,38988.254,28.74493626113772
2026-01-19,Cabai Merah,Jawa Tengah,30541.67,32401.525,6.089566780811271
2026-01-26,Cabai Merah,Jawa Tengah,31207.14,33319.887,6.77007479298007
2026-02-02,Cabai Merah,Jawa Tengah,34014.29,38850.504,14.21818272922939
2026-02-09,Cabai Merah,Jawa Tengah,38087.5,36414.457,4.3926300459468335
2026-01-05,Cabai Merah,Jawa Timur,27592.86,29921.879,8.440657859496984
2026-01-12,Cabai Merah,Jawa Timur,24225.0,29521.812,21.865067079463365
2026-01-19,Cabai Merah,Jawa Timur,25433.33,27635.625,8.659090256761495
2026-01-26,Cabai Merah,Jawa Timur,26992.86,28834.447,6.822497748015584
2026-02-02,Cabai Merah,Jawa Timur,29414.29,29387.244,0.09194802721738608
2026-02-09,Cabai Merah,Jawa Timur,31487.5,31458.15,0.09321035132989282
2026-01-05,Cabai Merah,Kalimantan Barat,71550.0,71291.53,0.36124213836477986
2026-01-12,Cabai Merah,Kalimantan Barat,70191.67,74981.69,6.824196517905902
2026-01-19,Cabai Merah,Kalimantan Barat,60200.0,70621.41,17.311306063122924
2026-01-26,Cabai Merah,Kalimantan Barat,57457.14,58735.89,2.2255730532358564
2026-02-02,Cabai Merah,Kalimantan Barat,57607.14,57869.71,0.4557958223581324
2026-02-09,Cabai Merah,Kalimantan Barat,68025.0,61829.47,9.107726938625506
2026-01-05,Cabai Merah,Kalimantan Selatan,39871.43,48563.48,21.800197456549714
2026-01-12,Cabai Merah,Kalimantan Selatan,35900.0,45652.047,27.16447597493036
2026-01-19,Cabai Merah,Kalimantan Selatan,35725.0,39220.91,9.785612753673897
2026-01-26,Cabai Merah,Kalimantan Selatan,34607.14,38772.56,12.036298271830614
2026-02-02,Cabai Merah,Kalimantan Selatan,33714.29,38566.742,14.39286482823752
2026-02-09,Cabai Merah,Kalimantan Selatan,43450.0,36735.8,15.452702459723822
2026-01-05,Cabai Merah,Kalimantan Tengah,73200.0,90042.516,23.00890112704918
2026-01-12,Cabai Merah,Kalimantan Tengah,68558.33,71311.19,4.015350869835946
2026-01-19,Cabai Merah,Kalimantan Tengah,65600.0,68954.52,5.113602801067073
2026-01-26,Cabai Merah,Kalimantan Tengah,65257.14,67283.33,3.1049293992963847
2026-02-02,Cabai Merah,Kalimantan Tengah,65478.57,67236.46,2.6846813201632234
2026-02-09,Cabai Merah,Kalimantan Tengah,72837.5,70006.05,3.887356272524455
2026-01-05,Cabai Merah,Kalimantan Timur,44378.57,48165.582,8.533425099659588
2026-01-12,Cabai Merah,Kalimantan Timur,39933.33,48216.74,20.74309425547531
2026-01-19,Cabai Merah,Kalimantan Timur,37391.67,43538.832,16.439923735019065
2026-01-26,Cabai Merah,Kalimantan Timur,36807.14,39998.152,8.669547114364226
2026-02-02,Cabai Merah,Kalimantan Timur,37785.71,39392.895,4.253418901616513
2026-02-09,Cabai Merah,Kalimantan Timur,38237.5,43037.54,12.553224092840798
2026-01-05,Cabai Merah,Kalimantan Utara,54814.29,58930.652,7.509651851278195
2026-01-12,Cabai Merah,Kalimantan Utara,53925.0,58236.76,7.9958492698191925
2026-01-19,Cabai Merah,Kalimantan Utara,53925.0,59124.02,9.641204508576728
2026-01-26,Cabai Merah,Kalimantan Utara,58871.43,57561.137,2.2256861796120804
2026-02-02,Cabai Merah,Kalimantan Utara,56992.86,62567.7,9.781644961754857
2026-02-09,Cabai Merah,Kalimantan Utara,60100.0,62273.906,3.61714850249584
2026-01-05,Cabai Merah,Kepulauan Bangka Belitung,65700.0,64999.918,1.065573867960426
2026-01-12,Cabai Merah,Kepulauan Bangka Belitung,53800.0,67861.09,26.135861988847587
2026-01-19,Cabai Merah,Kepulauan Bangka Belitung,48358.33,52391.883,8.340967962499942
2026-01-26,Cabai Merah,Kepulauan Bangka Belitung,53628.57,54828.02,2.23658682536193
2026-02-02,Cabai Merah,Kepulauan Bangka Belitung,49692.86,59481.055,19.69738648067348
2026-02-09,Cabai Merah,Kepulauan Bangka Belitung,58225.0,54326.65,6.695322563331903
2026-01-05,Cabai Merah,Kepulauan Riau,62385.71,70580.94,13.136385720383725
2026-01-12,Cabai Merah,Kepulauan Riau,55608.33,61597.508,10.770288934229814
2026-01-19,Cabai Merah,Kepulauan Riau,50033.33,54576.758,9.080802362145391
2026-01-26,Cabai Merah,Kepulauan Riau,48507.14,56998.902,17.50621113458761
2026-02-02,Cabai Merah,Kepulauan Riau,49842.86,57841.027,16.04676646514666
2026-02-09,Cabai Merah,Kepulauan Riau,55462.5,58549.08,5.565162271805274
2026-01-05,Cabai Merah,Lampung,41935.71,49071.87,17.016907770847332
2026-01-12,Cabai Merah,Lampung,37216.67,44859.51,20.536070848762133
2026-01-19,Cabai Merah,Lampung,37133.33,39974.133,7.65027756061737
2026-01-26,Cabai Merah,Lampung,35471.43,41556.05,17.153581857991064
2026-02-02,Cabai Merah,Lampung,38985.71,38646.508,0.8700680005571251
2026-02-09,Cabai Merah,Lampung,42662.5,45199.188,5.945941986522121
2026-01-05,Cabai Merah,Maluku,73685.71,76078.79,3.2476840658792505
2026-01-12,Cabai Merah,Maluku,74583.33,78055.875,4.655926465069337
2026-01-19,Cabai Merah,Maluku,73975.0,74824.26,1.1480335417370733
2026-01-26,Cabai Merah,Maluku,67864.29,72419.24,6.7118541835477945
2026-02-02,Cabai Merah,Maluku,60000.0,66672.7,11.121171875
2026-02-09,Cabai Merah,Maluku,62975.0,59200.51,5.993629664549424
2026-01-05,Cabai Merah,Maluku Utara,53750.0,54869.145,2.0821293604651165
2026-01-12,Cabai Merah,Maluku Utara,53125.0,57359.293,7.970433823529412
2026-01-19,Cabai Merah,Maluku Utara,52500.0,56049.383,6.760729166666667
2026-01-26,Cabai Merah,Maluku Utara,50535.71,54949.297,8.73360021062334
2026-02-02,Cabai Merah,Maluku Utara,49285.71,52165.145,5.842331440999837
2026-02-09,Cabai Merah,Maluku Utara,50000.0,54015.957,8.031914062499999
2026-01-05,Cabai Merah,Nusa Tenggara Barat,34378.57,36316.785,5.637858573669587
2026-01-12,Cabai Merah,Nusa Tenggara Barat,32600.0,37385.344,14.67896855828221
2026-01-19,Cabai Merah,Nusa Tenggara Barat,33083.33,34318.414,3.7332519504535915
2026-01-26,Cabai Merah,Nusa Tenggara Barat,32785.71,33948.516,3.5466842871482753
2026-02-02,Cabai Merah,Nusa Tenggara Barat,40407.14,32905.566,18.564970432824495
2026-02-09,Cabai Merah,Nusa Tenggara Barat,38650.0,43775.18,13.260490782664942
2026-01-05,Cabai Merah,Nusa Tenggara Timur,56742.86,58993.727,3.9667837724429105
2026-01-12,Cabai Merah,Nusa Tenggara Timur,56116.67,59146.008,5.39828505950193
2026-01-19,Cabai Merah,Nusa Tenggara Timur,52566.67,58396.676,11.090688798149097
2026-01-26,Cabai Merah,Nusa Tenggara Timur,50692.86,55864.277,10.201470865423651
2026-02-02,Cabai Merah,Nusa Tenggara Timur,51800.0,52780.24,1.8923518943050195
2026-02-09,Cabai Merah,Nusa Tenggara Timur,50937.5,56667.113,11.24832055214724
2026-01-05,Cabai Merah,Papua,71728.57,80544.96,12.291323997536814
2026-01-12,Cabai Merah,Papua,67500.0,71956.375,6.602037037037037
2026-01-19,Cabai Merah,Papua,69750.0,70993.32,1.7825380824372759
2026-01-26,Cabai Merah,Papua,66342.86,69907.914,5.37368160266229
2026-02-02,Cabai Merah,Papua,66285.71,68774.66,3.7548760509618035
2026-02-09,Cabai Merah,Papua,74912.5,73071.35,2.4577319372601365
2026-01-05,Cabai Merah,Papua Barat,75278.57,74644.05,0.8429000776715165
2026-01-12,Cabai Merah,Papua Barat,67708.33,71572.58,5.7071975117389515
2026-01-19,Cabai Merah,Papua Barat,62916.67,62372.4,0.8650673382745753
2026-01-26,Cabai Merah,Papua Barat,54478.57,60900.625,11.788222414795396
2026-02-02,Cabai Merah,Papua Barat,51792.86,52066.473,0.528282578428763
2026-02-09,Cabai Merah,Papua Barat,53125.0,56087.77,5.57697794117647
2026-01-05,Cabai Merah,Riau,58414.29,57807.74,1.0383618781465989
2026-01-12,Cabai Merah,Riau,50425.0,62732.207,24.40695494546356
2026-01-19,Cabai Merah,Riau,44791.67,55408.13,23.701859980326702
2026-01-26,Cabai Merah,Riau,45835.71,50830.36,10.896851766886563
2026-02-02,Cabai Merah,Riau,51585.71,51410.945,0.3387850773014448
2026-02-09,Cabai Merah,Riau,52962.5,58338.87,10.151278911966013
2026-01-05,Cabai Merah,Sulawesi Barat,27264.29,27733.877,1.7223516663188336
2026-01-12,Cabai Merah,Sulawesi Barat,22525.0,28964.678,28.589024347946722
2026-01-19,Cabai Merah,Sulawesi Barat,20508.33,24826.889,21.057583293593375
2026-01-26,Cabai Merah,Sulawesi Barat,18807.14,23227.38,23.502993327932906
2026-02-02,Cabai Merah,Sulawesi Barat,17928.57,22597.61,26.042452772306994
2026-02-09,Cabai Merah,Sulawesi Barat,18975.0,20773.205,9.476706604084322
2026-01-05,Cabai Merah,Sulawesi Selatan,22014.29,23892.777,8.533036240323895
2026-01-12,Cabai Merah,Sulawesi Selatan,20333.33,25128.23,23.581481580980576
2026-01-19,Cabai Merah,Sulawesi Selatan,18291.67,22638.23,23.76251303872201
2026-01-26,Cabai Merah,Sulawesi Selatan,18100.0,20512.455,13.32848109461326
2026-02-02,Cabai Merah,Sulawesi Selatan,18450.0,20956.65,13.58618097899729
2026-02-09,Cabai Merah,Sulawesi Selatan,19187.5,20974.684,9.314311889250815
2026-01-05,Cabai Merah,Sulawesi Tengah,29771.43,26701.893,10.310345931905186
2026-01-12,Cabai Merah,Sulawesi Tengah,28291.67,36000.465,27.247577975248554
2026-01-19,Cabai Merah,Sulawesi Tengah,27091.67,29286.95,8.103152071282434
2026-01-26,Cabai Merah,Sulawesi Tengah,27300.0,26628.648,2.4591632326007327
2026-02-02,Cabai Merah,Sulawesi Tengah,28814.29,27614.504,4.163857911300264
2026-02-09,Cabai Merah,Sulawesi Tengah,31150.0,31586.36,1.4008326645264848
2026-01-05,Cabai Merah,Sulawesi Tenggara,34250.0,44026.22,28.543704379562048
2026-01-12,Cabai Merah,Sulawesi Tenggara,31741.67,37956.266,19.57866622959662
2026-01-19,Cabai Merah,Sulawesi Tenggara,29633.33,33805.336,14.07876177770098
2026-01-26,Cabai Merah,Sulawesi Tenggara,31092.86,31251.064,0.5088128050137537
2026-02-02,Cabai Merah,Sulawesi Tenggara,32614.29,33222.473,1.8647735586149479
2026-02-09,Cabai Merah,Sulawesi Tenggara,34362.5,34432.258,0.2030056384139687
2026-01-05,Cabai Merah,Sulawesi Utara,18757.14,24465.709,30.434111940173185
2026-01-12,Cabai Merah,Sulawesi Utara,14500.0,22424.504,54.651751077586205
2026-01-19,Cabai Merah,Sulawesi Utara,14033.33,21163.104,50.805999115142306
2026-01-26,Cabai Merah,Sulawesi Utara,13478.57,20151.904,49.51069955399572
2026-02-02,Cabai Merah,Sulawesi Utara,15200.0,20222.715,33.04417660361842
2026-02-09,Cabai Merah,Sulawesi Utara,16700.0,19948.375,19.45134730538922
2026-01-05,Cabai Merah,Sumatera Barat,47785.71,52416.99,9.691764088573763
2026-01-12,Cabai Merah,Sumatera Barat,42425.0,55582.555,31.013682233352974
2026-01-19,Cabai Merah,Sumatera Barat,38441.67,48189.977,25.358696858122975
2026-01-26,Cabai Merah,Sumatera Barat,40292.86,42877.465,6.414547996220669
2026-02-02,Cabai Merah,Sumatera Barat,51185.71,49038.668,4.194612190101493
2026-02-09,Cabai Merah,Sumatera Barat,52512.5,55903.723,6.457934122827898
2026-01-05,Cabai Merah,Sumatera Selatan,42807.14,54250.31,26.731915735902938
2026-01-12,Cabai Merah,Sumatera Selatan,38800.0,47229.633,21.725857764175256
2026-01-19,Cabai Merah,Sumatera Selatan,39308.33,41517.023,5.618894105905792
2026-01-26,Cabai Merah,Sumatera Selatan,44350.0,41832.14,5.677247745208568
2026-02-02,Cabai Merah,Sumatera Selatan,50257.14,52188.145,3.842249143604273
2026-02-09,Cabai Merah,Sumatera Selatan,56950.0,55904.625,1.835601404741001
2026-01-05,Cabai Merah,Sumatera Utara,33800.0,44881.957,32.786855122041416
2026-01-12,Cabai Merah,Sumatera Utara,29058.33,36778.844,26.569020828106773
2026-01-19,Cabai Merah,Sumatera Utara,26816.67,33924.664,26.50587885259431
2026-01-26,Cabai Merah,Sumatera Utara,30264.29,30081.596,0.6036629204749256
2026-02-02,Cabai Merah,Sumatera Utara,38342.86,37751.02,1.5435480523622926
2026-02-09,Cabai Merah,Sumatera Utara,41312.5,40572.793,1.790516263237519
2026-01-05,Cabai Rawit,Aceh,70632.14,65538.57,7.211405016894575
2026-01-12,Cabai Rawit,Aceh,70758.33,68936.305,2.574997618654937
2026-01-19,Cabai Rawit,Aceh,67208.33,70127.24,4.34308096555888
2026-01-26,Cabai Rawit,Aceh,59214.29,65570.984,10.735068131358155
2026-02-02,Cabai Rawit,Aceh,53564.29,57582.016,7.500754000473074
2026-02-09,Cabai Rawit,Aceh,48700.0,49908.254,2.481014181211499
2026-01-05,Cabai Rawit,Bali,51221.43,51568.887,0.6783424803836982
2026-01-12,Cabai Rawit,Bali,45833.33,48148.805,5.051945140141461
2026-01-19,Cabai Rawit,Bali,46158.33,47117.39,2.0777628328407856
2026-01-26,Cabai Rawit,Bali,52521.43,48112.63,8.394289899856117
2026-02-02,Cabai Rawit,Bali,62778.57,57276.773,8.763813133207716
2026-02-09,Cabai Rawit,Bali,66250.0,67572.875,1.9967924528301886
2026-01-05,Cabai Rawit,Banten,60328.57,71819.39,19.047062817832412
2026-01-12,Cabai Rawit,Banten,50191.67,54695.938,8.974133556424805
2026-01-19,Cabai Rawit,Banten,51316.67,50183.562,2.208069034876967
2026-01-26,Cabai Rawit,Banten,61128.57,53854.61,11.899445095803811
2026-02-02,Cabai Rawit,Banten,72600.0,64774.598,10.778791107093664
2026-02-09,Cabai Rawit,Banten,73125.0,75953.57,3.8681303418803417
2026-01-05,Cabai Rawit,Bengkulu,58135.71,59550.87,2.4342372248485495
2026-01-12,Cabai Rawit,Bengkulu,52800.0,56596.117,7.189615885416667
2026-01-19,Cabai Rawit,Bengkulu,49316.67,55541.676,12.62251847346952
2026-01-26,Cabai Rawit,Bengkulu,46264.29,48744.117,5.3601323774773135
2026-02-02,Cabai Rawit,Bengkulu,54500.0,43900.69,19.44827264908257
2026-02-09,Cabai Rawit,Bengkulu,55562.5,59135.816,6.431165635545557
2026-01-05,Cabai Rawit,DI Yogyakarta,56578.57,57174.914,1.0540104893071711
2026-01-12,Cabai Rawit,DI Yogyakarta,48133.33,51043.97,6.047033832897076
2026-01-19,Cabai Rawit,DI Yogyakarta,51100.0,45979.637,10.020280393835616
2026-01-26,Cabai Rawit,DI Yogyakarta,55857.14,56620.707,1.366999870115084
2026-02-02,Cabai Rawit,DI Yogyakarta,67571.43,57449.66,14.979363088438404
2026-02-09,Cabai Rawit,DI Yogyakarta,72125.0,70780.195,1.8645472270363954
2026-01-05,Cabai Rawit,DKI Jakarta,70157.14,73344.57,4.543272876431394
2026-01-12,Cabai Rawit,DKI Jakarta,59208.33,68415.41,15.550305590446476
2026-01-19,Cabai Rawit,DKI Jakarta,59100.0,57715.83,2.342084390862944
2026-01-26,Cabai Rawit,DKI Jakarta,59935.71,60376.773,0.7358942398446617
2026-02-02,Cabai Rawit,DKI Jakarta,75185.71,58863.65,21.708994385369248
2026-02-09,Cabai Rawit,DKI Jakarta,80187.5,75775.43,5.50219212782541
2026-01-05,Cabai Rawit,Gorontalo,33592.86,44660.574,32.94662680923863
2026-01-12,Cabai Rawit,Gorontalo,31791.67,33214.855,4.476598645966072
2026-01-19,Cabai Rawit,Gorontalo,31308.33,32036.459,2.325671744149235
2026-01-26,Cabai Rawit,Gorontalo,39742.86,33797.76,14.95890904995262
2026-02-02,Cabai Rawit,Gorontalo,58228.57,45765.21,21.40419911136406
2026-02-09,Cabai Rawit,Gorontalo,58287.5,62966.906,8.028147115590821
2026-01-05,Cabai Rawit,Jambi,72514.29,81910.1,12.95718618013085
2026-01-12,Cabai Rawit,Jambi,57900.0,67853.586,17.190994710708118
2026-01-19,Cabai Rawit,Jambi,57291.67,59265.04,3.444425799597048
2026-01-26,Cabai Rawit,Jambi,62264.29,59001.805,5.239737436177303
2026-02-02,Cabai Rawit,Jambi,69064.29,59083.676,14.45119354553561
2026-02-09,Cabai Rawit,Jambi,71612.5,71427.875,0.2578111363239658
2026-01-05,Cabai Rawit,Jawa Barat,64621.43,73476.58,13.703113850931494
2026-01-12,Cabai Rawit,Jawa Barat,54700.0,58102.707,6.2206709894881165
2026-01-19,Cabai Rawit,Jawa Barat,50100.0,55693.57,11.16481100299401
2026-01-26,Cabai Rawit,Jawa Barat,56450.0,50067.336,11.306756532329496
2026-02-02,Cabai Rawit,Jawa Barat,68228.57,58004.14,14.985554255350811
2026-02-09,Cabai Rawit,Jawa Barat,73425.0,74128.52,0.9581524514811032
2026-01-05,Cabai Rawit,Jawa Tengah,41857.14,45386.484,8.431881334940707
2026-01-12,Cabai Rawit,Jawa Tengah,36666.67,38945.418,6.214766622521221
2026-01-19,Cabai Rawit,Jawa Tengah,41291.67,37272.82,9.73283397716779
2026-01-26,Cabai Rawit,Jawa Tengah,49592.86,45546.984,8.158181691880646
2026-02-02,Cabai Rawit,Jawa Tengah,61914.29,55276.234,10.721362750021038
2026-02-09,Cabai Rawit,Jawa Tengah,67250.0,65770.65,2.199779275092937
2026-01-05,Cabai Rawit,Jawa Timur,39650.0,44243.57,11.585297131147541
2026-01-12,Cabai Rawit,Jawa Timur,34800.0,38632.89,11.014053520114944
2026-01-19,Cabai Rawit,Jawa Timur,39283.33,33959.49,13.552419610939301
2026-01-26,Cabai Rawit,Jawa Timur,51335.71,44947.62,12.443752908550401
2026-02-02,Cabai Rawit,Jawa Timur,64892.86,59096.758,8.93180264747154
2026-02-09,Cabai Rawit,Jawa Timur,69075.0,66557.484,3.644611834961998
2026-01-05,Cabai Rawit,Kalimantan Barat,81435.71,82146.98,0.8734086833650663
2026-01-12,Cabai Rawit,Kalimantan Barat,76400.0,80725.22,5.661281086387435
2026-01-19,Cabai Rawit,Kalimantan Barat,67408.33,73991.07,9.765470102137225
2026-01-26,Cabai Rawit,Kalimantan Barat,61050.0,66819.52,9.450488841113842
2026-02-02,Cabai Rawit,Kalimantan Barat,64857.14,60589.73,6.5797066155707755
2026-02-09,Cabai Rawit,Kalimantan Barat,69787.5,67469.45,3.3215789002328493
2026-01-05,Cabai Rawit,Kalimantan Selatan,42771.43,41146.535,3.7990192138771146
2026-01-12,Cabai Rawit,Kalimantan Selatan,42583.33,42381.113,0.4748729579156955
2026-01-19,Cabai Rawit,Kalimantan Selatan,40808.33,44657.73,9.432879190964192
2026-01-26,Cabai Rawit,Kalimantan Selatan,41992.86,42744.203,1.7892163691637086
2026-02-02,Cabai Rawit,Kalimantan Selatan,54935.71,43324.426,21.136132069195064
2026-02-09,Cabai Rawit,Kalimantan Selatan,56887.5,64104.56,12.686545539441882
2026-01-05,Cabai Rawit,Kalimantan Tengah,59692.86,84465.11,41.49951832597734
2026-01-12,Cabai Rawit,Kalimantan Tengah,60275.0,54856.89,8.988982787225218
2026-01-19,Cabai Rawit,Kalimantan Tengah,58833.33,59802.66,1.6475867611947144
2026-01-26,Cabai Rawit,Kalimantan Tengah,57257.14,58633.344,2.4035495835104594
2026-02-02,Cabai Rawit,Kalimantan Tengah,76807.14,58752.035,23.507065676120735
2026-02-09,Cabai Rawit,Kalimantan Tengah,83150.0,79600.96,4.268236996392063
2026-01-05,Cabai Rawit,Kalimantan Timur,53900.0,51151.285,5.099656481910946
2026-01-12,Cabai Rawit,Kalimantan Timur,52000.0,48226.703,7.256340144230769
2026-01-19,Cabai Rawit,Kalimantan Timur,50266.67,52577.62,4.59738250763379
2026-01-26,Cabai Rawit,Kalimantan Timur,55271.43,52764.344,4.53595329449591
2026-02-02,Cabai Rawit,Kalimantan Timur,63392.86,61324.098,3.263399606438328
2026-02-09,Cabai Rawit,Kalimantan Timur,69087.5,70357.56,1.838339062782703
2026-01-05,Cabai Rawit,Kalimantan Utara,84250.0,92754.93,10.09487203264095
2026-01-12,Cabai Rawit,Kalimantan Utara,78508.33,83221.32,6.00317229076201
2026-01-19,Cabai Rawit,Kalimantan Utara,83400.0,76684.01,8.052748426258994
2026-01-26,Cabai Rawit,Kalimantan Utara,85957.14,83238.16,3.1631854549837275
2026-02-02,Cabai Rawit,Kalimantan Utara,95250.0,92375.59,3.017749343832021
2026-02-09,Cabai Rawit,Kalimantan Utara,97825.0,97661.06,0.16758241758241757
2026-01-05,Cabai Rawit,Kepulauan Bangka Belitung,78300.0,80809.484,3.2049608876117497
2026-01-12,Cabai Rawit,Kepulauan Bangka Belitung,68258.33,78705.19,15.30488293516703
2026-01-19,Cabai Rawit,Kepulauan Bangka Belitung,66575.0,65469.62,1.6603513424708973
2026-01-26,Cabai Rawit,Kepulauan Bangka Belitung,66085.71,68071.42,3.0047522754919234
2026-02-02,Cabai Rawit,Kepulauan Bangka Belitung,69278.57,66407.2,4.144668221356195
2026-02-09,Cabai Rawit,Kepulauan Bangka Belitung,78862.5,73436.11,6.880825011887779
2026-01-05,Cabai Rawit,Kepulauan Riau,82715.18,88102.01,6.512502073380009
2026-01-12,Cabai Rawit,Kepulauan Riau,74800.0,78997.41,5.611505681818182
2026-01-19,Cabai Rawit,Kepulauan Riau,65191.67,74937.86,14.950053242998687
2026-01-26,Cabai Rawit,Kepulauan Riau,63057.14,64763.64,2.706276600873431
2026-02-02,Cabai Rawit,Kepulauan Riau,68042.86,62353.758,8.361056821391694
2026-02-09,Cabai Rawit,Kepulauan Riau,70650.0,73067.03,3.421134111818825
2026-01-05,Cabai Rawit,Lampung,60250.0,66011.63,9.562876037344397
2026-01-12,Cabai Rawit,Lampung,50358.33,56484.082,12.164327195222713
2026-01-19,Cabai Rawit,Lampung,52416.67,49953.96,4.698331775940742
2026-01-26,Cabai Rawit,Lampung,54228.57,54911.914,1.2601181674161799
2026-02-02,Cabai Rawit,Lampung,59807.14,54668.41,8.592167831048265
2026-02-09,Cabai Rawit,Lampung,63437.5,61504.98,3.0463362068965516
2026-01-05,Cabai Rawit,Maluku,100278.57,105507.66,5.214560050068517
2026-01-12,Cabai Rawit,Maluku,102508.33,102853.57,0.33679244652605134
2026-01-19,Cabai Rawit,Maluku,101483.33,98081.38,3.3522226630718577
2026-01-26,Cabai Rawit,Maluku,86592.86,97028.51,12.051395244942826
2026-02-02,Cabai Rawit,Maluku,82550.0,87412.03,5.889801635372502
2026-02-09,Cabai Rawit,Maluku,81337.5,89072.83,9.510162133087444
2026-01-05,Cabai Rawit,Maluku Utara,87500.0,84660.16,3.245535714285714
2026-01-12,Cabai Rawit,Maluku Utara,87083.33,83745.33,3.8331123476789437
2026-01-19,Cabai Rawit,Maluku Utara,85000.0,79983.836,5.901369485294118
2026-01-26,Cabai Rawit,Maluku Utara,81071.43,81046.766,0.030423017085048357
2026-02-02,Cabai Rawit,Maluku Utara,79642.86,78148.18,1.876728576171173
2026-02-09,Cabai Rawit,Maluku Utara,82500.0,79327.78,3.845113636363636
2026-01-05,Cabai Rawit,Nusa Tenggara Barat,40514.29,49355.562,21.822602592813546
2026-01-12,Cabai Rawit,Nusa Tenggara Barat,37508.33,38489.793,2.616653337405313
2026-01-19,Cabai Rawit,Nusa Tenggara Barat,37391.67,36402.77,2.6447079489897036
2026-01-26,Cabai Rawit,Nusa Tenggara Barat,48600.0,38375.246,21.03858828446502
2026-02-02,Cabai Rawit,Nusa Tenggara Barat,64621.43,59411.727,8.061882006479895
2026-02-09,Cabai Rawit,Nusa Tenggara Barat,73200.0,69895.555,4.5142695525956285
2026-01-05,Cabai Rawit,Nusa Tenggara Timur,60028.57,60268.65,0.3999402909314686
2026-01-12,Cabai Rawit,Nusa Tenggara Timur,61025.0,59218.824,2.9597308992216305
2026-01-19,Cabai Rawit,Nusa Tenggara Timur,64925.0,64661.9,0.40523921832884097
2026-01-26,Cabai Rawit,Nusa Tenggara Timur,67464.29,68169.87,1.0458528319204226
2026-02-02,Cabai Rawit,Nusa Tenggara Timur,65021.43,71726.75,10.312476978743778
2026-02-09,Cabai Rawit,Nusa Tenggara Timur,64212.5,64792.164,0.9027277593926417
2026-01-05,Cabai Rawit,Papua,70750.0,80704.76,14.07032906360424
2026-01-12,Cabai Rawit,Papua,67616.67,65939.45,2.4804783716796437
2026-01-19,Cabai Rawit,Papua,67491.67,63631.152,5.719991305964126
2026-01-26,Cabai Rawit,Papua,65692.86,67131.36,2.1897347367735236
2026-02-02,Cabai Rawit,Papua,63607.14,65313.152,2.6821082409144643
2026-02-09,Cabai Rawit,Papua,71162.5,64027.234,10.02672141226067
2026-01-05,Cabai Rawit,Papua Barat,105357.14,97171.69,7.7692432615388
2026-01-12,Cabai Rawit,Papua Barat,84166.67,93803.04,11.449150907954422
2026-01-19,Cabai Rawit,Papua Barat,70833.33,82892.99,17.025406242372053
2026-01-26,Cabai Rawit,Papua Barat,65357.14,70936.6,8.536881452431977
2026-02-02,Cabai Rawit,Papua Barat,69107.14,60080.38,13.06198041729118
2026-02-09,Cabai Rawit,Papua Barat,71562.5,71823.195,0.3642903930131004
2026-01-05,Cabai Rawit,Riau,83075.0,80791.97,2.7481567860367138
2026-01-12,Cabai Rawit,Riau,70850.0,79106.734,11.653824100211715
2026-01-19,Cabai Rawit,Riau,65025.0,66825.63,2.7691392733564015
2026-01-26,Cabai Rawit,Riau,59321.43,61950.656,4.432169369484181
2026-02-02,Cabai Rawit,Riau,55378.57,58648.17,5.904092277933504
2026-02-09,Cabai Rawit,Riau,55725.0,53081.332,4.744132738896366
2026-01-05,Cabai Rawit,Sulawesi Barat,34307.14,37743.3,10.015876523808165
2026-01-12,Cabai Rawit,Sulawesi Barat,32900.0,33877.633,2.9715283054711246
2026-01-19,Cabai Rawit,Sulawesi Barat,32616.67,34657.953,6.258404444721063
2026-01-26,Cabai Rawit,Sulawesi Barat,34192.86,35881.887,4.939705888159105
2026-02-02,Cabai Rawit,Sulawesi Barat,32535.71,37977.066,16.724258994962767
2026-02-09,Cabai Rawit,Sulawesi Barat,37125.0,35341.465,4.804135101010101
2026-01-05,Cabai Rawit,Sulawesi Selatan,28492.86,35884.61,25.942461988722787
2026-01-12,Cabai Rawit,Sulawesi Selatan,25416.67,29204.43,14.902659111126681
2026-01-19,Cabai Rawit,Sulawesi Selatan,27200.0,27447.973,0.911664177389706
2026-01-26,Cabai Rawit,Sulawesi Selatan,26971.43,34052.29,26.25318369289281
2026-02-02,Cabai Rawit,Sulawesi Selatan,34428.57,31758.625,7.755027292739721
2026-02-09,Cabai Rawit,Sulawesi Selatan,44187.5,43292.457,2.025556930693069
2026-01-05,Cabai Rawit,Sulawesi Tengah,50507.14,50610.527,0.2046984718398242
2026-01-12,Cabai Rawit,Sulawesi Tengah,43200.0,49319.86,14.166341145833334
2026-01-19,Cabai Rawit,Sulawesi Tengah,39658.33,43531.535,9.766435339687774
2026-01-26,Cabai Rawit,Sulawesi Tengah,42235.71,40075.49,5.114680725741319
2026-02-02,Cabai Rawit,Sulawesi Tengah,47385.71,44875.473,5.297456435178452
2026-02-09,Cabai Rawit,Sulawesi Tengah,55950.0,52920.16,5.415263348972297
2026-01-05,Cabai Rawit,Sulawesi Tenggara,51578.57,51725.902,0.28564642980602273
2026-01-12,Cabai Rawit,Sulawesi Tenggara,45800.0,48650.125,6.2229803493449785
2026-01-19,Cabai Rawit,Sulawesi Tenggara,43591.67,46331.664,6.2855909454719265
2026-01-26,Cabai Rawit,Sulawesi Tenggara,42657.14,46312.72,8.569676143313876
2026-02-02,Cabai Rawit,Sulawesi Tenggara,44678.57,43655.973,2.2887870935663335
2026-02-09,Cabai Rawit,Sulawesi Tenggara,49862.5,50743.42,1.7667021809977437
2026-01-05,Cabai Rawit,Sulawesi Utara,36550.0,38959.027,6.591046084131327
2026-01-12,Cabai Rawit,Sulawesi Utara,31933.33,39312.035,23.106594759300073
2026-01-19,Cabai Rawit,Sulawesi Utara,33275.0,32771.38,1.5135119271224642
2026-01-26,Cabai Rawit,Sulawesi Utara,35121.43,40405.266,15.044477474294183
2026-02-02,Cabai Rawit,Sulawesi Utara,43364.29,42007.164,3.1295933531945312
2026-02-09,Cabai Rawit,Sulawesi Utara,49212.5,51854.715,5.368991300482601
2026-01-05,Cabai Rawit,Sumatera Barat,77250.0,77028.52,0.28670105177993527
2026-01-12,Cabai Rawit,Sumatera Barat,76458.33,76642.875,0.24136676801598758
2026-01-19,Cabai Rawit,Sumatera Barat,72166.67,72870.86,0.975781998809148
2026-01-26,Cabai Rawit,Sumatera Barat,62321.43,68338.12,9.654282944887496
2026-02-02,Cabai Rawit,Sumatera Barat,59792.86,58050.336,2.914267794683179
2026-02-09,Cabai Rawit,Sumatera Barat,56750.0,57507.21,1.3342924008810573
2026-01-05,Cabai Rawit,Sumatera Selatan,62050.0,79006.84,27.327709508460917
2026-01-12,Cabai Rawit,Sumatera Selatan,54691.67,57680.164,5.464258199649054
2026-01-19,Cabai Rawit,Sumatera Selatan,53525.0,57322.97,7.095691265763662
2026-01-26,Cabai Rawit,Sumatera Selatan,58642.86,56002.195,4.502960270866736
2026-02-02,Cabai Rawit,Sumatera Selatan,65100.0,60599.652,6.912976430491552
2026-02-09,Cabai Rawit,Sumatera Selatan,73025.0,69310.77,5.086239729544677
2026-01-05,Cabai Rawit,Sumatera Utara,77525.0,79002.4,1.9057058207029989
2026-01-12,Cabai Rawit,Sumatera Utara,68050.0,72464.0,6.4864070536370315
2026-01-19,Cabai Rawit,Sumatera Utara,61566.67,61257.05,0.5029007070708847
2026-01-26,Cabai Rawit,Sumatera Utara,52278.57,58115.02,11.164133853030028
2026-02-02,Cabai Rawit,Sumatera Utara,43128.57,52115.34,20.83716163960456
2026-02-09,Cabai Rawit,Sumatera Utara,36675.0,41961.973,14.415740030674847
2026-01-05,Daging Ayam,Aceh,41931.25,40350.33,3.7702712773885825
2026-01-12,Daging Ayam,Aceh,41931.25,40549.87,3.294389998509465
2026-01-19,Daging Ayam,Aceh,41931.25,40316.06,3.8519991802056937
2026-01-26,Daging Ayam,Aceh,41931.25,40752.574,2.8109722015203458
2026-02-02,Daging Ayam,Aceh,41931.25,41169.47,1.8167387091966014
2026-02-09,Daging Ayam,Aceh,41765.62,41222.6,1.3001565342499468
2026-01-05,Daging Ayam,Bali,41957.14,40698.66,2.9994414389302975
2026-01-12,Daging Ayam,Bali,41775.0,41623.887,0.3617313734290844
2026-01-19,Daging Ayam,Bali,40941.67,41525.695,1.426481412458265
2026-01-26,Daging Ayam,Bali,41864.29,40922.08,2.2506338337518703
2026-02-02,Daging Ayam,Bali,42757.14,40838.766,4.486676084976684
2026-02-09,Daging Ayam,Bali,44200.0,41404.69,6.324227587669682
2026-01-05,Daging Ayam,Banten,40928.57,41328.473,0.9770745868961468
2026-01-12,Daging Ayam,Banten,40500.0,40674.68,0.4313078703703703
2026-01-19,Daging Ayam,Banten,40233.33,40074.902,0.3937721691194881
2026-01-26,Daging Ayam,Banten,40150.0,39942.652,0.5164325186799502
2026-02-02,Daging Ayam,Banten,39757.14,40481.94,1.8230722990889199
2026-02-09,Daging Ayam,Banten,41500.0,39819.543,4.04929405120482
2026-01-05,Daging Ayam,Bengkulu,39507.14,40132.934,1.5840012558489442
2026-01-12,Daging Ayam,Bengkulu,40208.33,39021.223,2.9523915660013773
2026-01-19,Daging Ayam,Bengkulu,39733.33,39869.855,0.34360439648526375
2026-01-26,Daging Ayam,Bengkulu,39035.71,38935.902,0.25568295350590303
2026-02-02,Daging Ayam,Bengkulu,38357.14,38506.508,0.38941332044047233
2026-02-09,Daging Ayam,Bengkulu,41675.0,37586.797,9.809725554889022
2026-01-05,Daging Ayam,DI Yogyakarta,35892.86,36787.445,2.492376791651597
2026-01-12,Daging Ayam,DI Yogyakarta,34833.33,35483.418,1.866281428591519
2026-01-19,Daging Ayam,DI Yogyakarta,35083.33,34285.992,2.2726970686648094
2026-01-26,Daging Ayam,DI Yogyakarta,36178.57,35731.996,1.2343603029362402
2026-02-02,Daging Ayam,DI Yogyakarta,37071.43,36939.746,0.3552166891053307
2026-02-09,Daging Ayam,DI Yogyakarta,40000.0,37507.516,6.2312109375
2026-01-05,Daging Ayam,DKI Jakarta,41314.29,41206.863,0.2600231511905466
2026-01-12,Daging Ayam,DKI Jakarta,39566.67,40774.47,3.0525660865572
2026-01-19,Daging Ayam,DKI Jakarta,39166.67,39293.605,0.3240905309284699
2026-01-26,Daging Ayam,DKI Jakarta,40328.57,38912.227,3.5120100650729738
2026-02-02,Daging Ayam,DKI Jakarta,39507.14,39448.48,0.14847830354209243
2026-02-09,Daging Ayam,DKI Jakarta,41937.5,38841.742,7.381836810730253
2026-01-05,Daging Ayam,Gorontalo,37700.0,36153.406,4.102370689655173
2026-01-12,Daging Ayam,Gorontalo,36450.0,37213.75,2.095336076817558
2026-01-19,Daging Ayam,Gorontalo,34916.67,34923.867,0.020612468199292047
2026-01-26,Daging Ayam,Gorontalo,34285.71,34041.39,0.7125982661581141
2026-02-02,Daging Ayam,Gorontalo,35171.43,35047.0,0.3537814641031095
2026-02-09,Daging Ayam,Gorontalo,35675.0,35670.945,0.0113656271899089
2026-01-05,Daging Ayam,Jambi,37928.57,36912.17,2.6797691687295346
2026-01-12,Daging Ayam,Jambi,39208.33,37911.14,3.3084535225040232
2026-01-19,Daging Ayam,Jambi,38458.33,38918.06,1.1953940635227744
2026-01-26,Daging Ayam,Jambi,38914.29,38173.383,1.9039463073847702
2026-02-02,Daging Ayam,Jambi,38971.43,38969.348,0.005343257227154074
2026-02-09,Daging Ayam,Jambi,40237.5,38494.754,4.331149036968003
2026-01-05,Daging Ayam,Jawa Barat,37035.71,38571.965,4.148036702280045
2026-01-12,Daging Ayam,Jawa Barat,35958.33,36743.62,2.1838920043005285
2026-01-19,Daging Ayam,Jawa Barat,37108.33,36158.414,2.5598455589351548
2026-01-26,Daging Ayam,Jawa Barat,37235.71,37078.547,0.42207634821519213
2026-02-02,Daging Ayam,Jawa Barat,37550.0,36971.566,1.5404356691078562
2026-02-09,Daging Ayam,Jawa Barat,40812.5,37138.65,9.001780245022971
2026-01-05,Daging Ayam,Jawa Tengah,36457.14,37225.715,2.10816000308856
2026-01-12,Daging Ayam,Jawa Tengah,35733.33,36400.06,1.8658451192486067
2026-01-19,Daging Ayam,Jawa Tengah,36241.67,35283.26,2.644492599954688
2026-01-26,Daging Ayam,Jawa Tengah,36914.29,36150.945,2.0678839752843703
2026-02-02,Daging Ayam,Jawa Tengah,37957.14,37249.91,1.8632326981168745
2026-02-09,Daging Ayam,Jawa Tengah,40125.0,38133.273,4.963804517133957
2026-01-05,Daging Ayam,Jawa Timur,35442.86,36033.01,1.6650792818356064
2026-01-12,Daging Ayam,Jawa Timur,34591.67,35443.9,2.4636811044393108
2026-01-19,Daging Ayam,Jawa Timur,35966.67,34574.637,3.8703424065947676
2026-01-26,Daging Ayam,Jawa Timur,36464.29,35841.156,1.7088876541953808
2026-02-02,Daging Ayam,Jawa Timur,37707.14,36067.766,4.3476497421973646
2026-02-09,Daging Ayam,Jawa Timur,40387.5,37825.707,6.343034277313525
2026-01-05,Daging Ayam,Kalimantan Barat,38042.86,37589.38,1.19202681856727
2026-01-12,Daging Ayam,Kalimantan Barat,37833.33,37588.31,0.647633729967734
2026-01-19,Daging Ayam,Kalimantan Barat,38758.33,37510.496,3.2195244383594486
2026-01-26,Daging Ayam,Kalimantan Barat,39514.29,38975.305,1.3640263117469675
2026-02-02,Daging Ayam,Kalimantan Barat,41664.29,40069.645,3.8273674380386673
2026-02-09,Daging Ayam,Kalimantan Barat,40700.0,40663.24,0.09032363329238328
2026-01-05,Daging Ayam,Kalimantan Selatan,42478.57,42918.83,1.0364240721851048
2026-01-12,Daging Ayam,Kalimantan Selatan,43000.0,42367.316,1.4713571947674418
2026-01-19,Daging Ayam,Kalimantan Selatan,43666.67,43349.91,0.7254041669538764
2026-01-26,Daging Ayam,Kalimantan Selatan,43650.0,43847.24,0.45186318728522334
2026-02-02,Daging Ayam,Kalimantan Selatan,44864.29,43072.06,3.9947838386609944
2026-02-09,Daging Ayam,Kalimantan Selatan,43875.0,45285.6,3.2150462962962965
2026-01-05,Daging Ayam,Kalimantan Tengah,40407.14,41214.707,1.9985750816563623
2026-01-12,Daging Ayam,Kalimantan Tengah,43625.0,40072.25,8.143839541547278
2026-01-19,Daging Ayam,Kalimantan Tengah,40100.0,41411.062,3.2694825436408976
2026-01-26,Daging Ayam,Kalimantan Tengah,41150.0,38197.945,7.173887454434993
2026-02-02,Daging Ayam,Kalimantan Tengah,42321.43,40215.145,4.976876888966181
2026-02-09,Daging Ayam,Kalimantan Tengah,40750.0,40977.22,0.5575920245398773
2026-01-05,Daging Ayam,Kalimantan Timur,37314.29,37993.06,1.8190580438486144
2026-01-12,Daging Ayam,Kalimantan Timur,37733.33,37447.016,0.7587837463589928
2026-01-19,Daging Ayam,Kalimantan Timur,38141.67,38148.14,0.016964713396140616
2026-01-26,Daging Ayam,Kalimantan Timur,38685.71,38239.08,1.154513837279965
2026-02-02,Daging Ayam,Kalimantan Timur,39485.71,39286.16,0.5053723074752844
2026-02-09,Daging Ayam,Kalimantan Timur,40162.5,39658.918,1.2538612667289137
2026-01-05,Daging Ayam,Kalimantan Utara,45892.86,44876.477,2.2146875080350203
2026-01-12,Daging Ayam,Kalimantan Utara,44750.0,46011.754,2.819561801675978
2026-01-19,Daging Ayam,Kalimantan Utara,43900.0,44112.207,0.4833873149202733
2026-01-26,Daging Ayam,Kalimantan Utara,43964.29,44137.555,0.39410323128156766
2026-02-02,Daging Ayam,Kalimantan Utara,44550.0,44026.312,1.1755050505050504
2026-02-09,Daging Ayam,Kalimantan Utara,46862.5,45133.895,3.6886753134169115
2026-01-05,Daging Ayam,Kepulauan Bangka Belitung,42321.43,40154.594,5.119950460086061
2026-01-12,Daging Ayam,Kepulauan Bangka Belitung,44425.0,40853.15,8.040183595948228
2026-01-19,Daging Ayam,Kepulauan Bangka Belitung,43516.67,43726.51,0.48220996402068855
2026-01-26,Daging Ayam,Kepulauan Bangka Belitung,42107.14,42468.65,0.8585442694516906
2026-02-02,Daging Ayam,Kepulauan Bangka Belitung,40457.14,41108.28,1.609459418040921
2026-02-09,Daging Ayam,Kepulauan Bangka Belitung,39700.0,40051.82,0.8861972607052897
2026-01-05,Daging Ayam,Kepulauan Riau,42385.71,41000.4,3.2683457762061767
2026-01-12,Daging Ayam,Kepulauan Riau,41075.0,42305.848,2.9965858947048085
2026-01-19,Daging Ayam,Kepulauan Riau,41341.67,40720.402,1.5027638125165197
2026-01-26,Daging Ayam,Kepulauan Riau,42142.86,40305.61,4.359577458672716
2026-02-02,Daging Ayam,Kepulauan Riau,42392.86,41616.504,1.8313369132207653
2026-02-09,Daging Ayam,Kepulauan Riau,41112.5,41200.664,0.21444588020674976
2026-01-05,Daging Ayam,Lampung,33971.43,34445.69,1.3960595896316395
2026-01-12,Daging Ayam,Lampung,33750.0,33133.805,1.825763888888889
2026-01-19,Daging Ayam,Lampung,33750.0,33197.832,1.6360532407407407
2026-01-26,Daging Ayam,Lampung,33828.57,33390.06,1.296275326595241
2026-02-02,Daging Ayam,Lampung,33814.29,33876.03,0.1825892248513842
2026-02-09,Daging Ayam,Lampung,35075.0,33677.016,3.9857002851033503
2026-01-05,Daging Ayam,Maluku,45371.43,44316.9,2.324219365578736
2026-01-12,Daging Ayam,Maluku,45833.33,45295.074,1.1743763354091918
2026-01-19,Daging Ayam,Maluku,45250.0,45297.777,0.10558529005524862
2026-01-26,Daging Ayam,Maluku,45007.14,44515.516,1.0923252954975575
2026-02-02,Daging Ayam,Maluku,45950.0,45624.023,0.7094158052230686
2026-02-09,Daging Ayam,Maluku,45450.0,46815.867,3.0052083333333335
2026-01-05,Daging Ayam,Maluku Utara,45250.0,45225.273,0.05464433701657459
2026-01-12,Daging Ayam,Maluku Utara,45250.0,45286.67,0.08104281767955801
2026-01-19,Daging Ayam,Maluku Utara,45250.0,45058.19,0.4238863950276243
2026-01-26,Daging Ayam,Maluku Utara,45250.0,44891.258,0.792800414364641
2026-02-02,Daging Ayam,Maluku Utara,44500.0,44989.293,1.0995347612359552
2026-02-09,Daging Ayam,Maluku Utara,44500.0,44127.37,0.8373683286516853
2026-01-05,Daging Ayam,Nusa Tenggara Barat,40564.29,40085.914,1.17930311981302
2026-01-12,Daging Ayam,Nusa Tenggara Barat,40533.33,39457.246,2.654812487032281
2026-01-19,Daging Ayam,Nusa Tenggara Barat,40250.0,39853.43,0.9852678571428571
2026-01-26,Daging Ayam,Nusa Tenggara Barat,40464.29,39779.676,1.6918972722615444
2026-02-02,Daging Ayam,Nusa Tenggara Barat,40400.0,40387.953,0.029818997524752474
2026-02-09,Daging Ayam,Nusa Tenggara Barat,43475.0,40129.867,7.694382547441059
2026-01-05,Daging Ayam,Nusa Tenggara Timur,51742.86,51120.637,1.2025297427509816
2026-01-12,Daging Ayam,Nusa Tenggara Timur,50612.5,50116.55,0.9798947270931094
2026-01-19,Daging Ayam,Nusa Tenggara Timur,50633.33,49255.22,2.7217472167048893
2026-01-26,Daging Ayam,Nusa Tenggara Timur,49628.57,49626.977,0.003210726200653593
2026-02-02,Daging Ayam,Nusa Tenggara Timur,49185.71,48305.566,1.7894294780943472
2026-02-09,Daging Ayam,Nusa Tenggara Timur,48450.0,48415.645,0.07090912022703819
2026-01-05,Daging Ayam,Papua,47750.0,47754.91,0.010283049738219894
2026-01-12,Daging Ayam,Papua,47750.0,47731.44,0.03886616492146597
2026-01-19,Daging Ayam,Papua,47750.0,47746.906,0.006479057591623036
2026-01-26,Daging Ayam,Papua,47614.29,47769.938,0.3268924098206633
2026-02-02,Daging Ayam,Papua,47792.86,47614.363,0.37347988538455446
2026-02-09,Daging Ayam,Papua,47850.0,48007.1,0.3283209247648903
2026-01-05,Daging Ayam,Papua Barat,58600.0,50931.227,13.086644091296929
2026-01-12,Daging Ayam,Papua Barat,57458.33,50344.98,12.38001440565711
2026-01-19,Daging Ayam,Papua Barat,54650.0,50058.5,8.401646843549864
2026-01-26,Daging Ayam,Papua Barat,48250.0,50545.555,4.757626295336788
2026-02-02,Daging Ayam,Papua Barat,56278.57,48427.844,13.949761427840118
2026-02-09,Daging Ayam,Papua Barat,54225.0,49651.676,8.433977351313969
2026-01-05,Daging Ayam,Riau,32928.57,32579.453,1.0602248290769982
2026-01-12,Daging Ayam,Riau,33941.67,32714.754,3.6147782173063323
2026-01-19,Daging Ayam,Riau,33791.67,33366.79,1.2573540683251176
2026-01-26,Daging Ayam,Riau,33750.0,32831.59,2.7212152777777776
2026-02-02,Daging Ayam,Riau,33671.43,33538.066,0.39607344787554405
2026-02-09,Daging Ayam,Riau,33850.0,33788.21,0.18253785081240767
2026-01-05,Daging Ayam,Sulawesi Barat,31035.71,30765.53,0.8705478402942903
2026-01-12,Daging Ayam,Sulawesi Barat,30950.0,30902.232,0.1543378937802908
2026-01-19,Daging Ayam,Sulawesi Barat,31183.33,30811.285,1.1930888835477216
2026-01-26,Daging Ayam,Sulawesi Barat,31300.0,30957.459,1.0943802416134185
2026-02-02,Daging Ayam,Sulawesi Barat,31300.0,31645.371,1.1034220247603834
2026-02-09,Daging Ayam,Sulawesi Barat,31300.0,31554.988,0.8146590455271565
2026-01-05,Daging Ayam,Sulawesi Selatan,32357.14,31004.23,4.181177728470438
2026-01-12,Daging Ayam,Sulawesi Selatan,30925.0,31266.525,1.1043666632983025
2026-01-19,Daging Ayam,Sulawesi Selatan,31075.0,28787.492,7.361247988736927
2026-01-26,Daging Ayam,Sulawesi Selatan,31278.57,30909.725,1.1792271533673044
2026-02-02,Daging Ayam,Sulawesi Selatan,30257.14,31426.324,3.864159728084018
2026-02-09,Daging Ayam,Sulawesi Selatan,30562.5,30272.469,0.9489775051124744
2026-01-05,Daging Ayam,Sulawesi Tengah,35778.57,35396.152,1.0688455582489733
2026-01-12,Daging Ayam,Sulawesi Tengah,34916.67,34747.215,0.4853130503281048
2026-01-19,Daging Ayam,Sulawesi Tengah,35541.67,34567.35,2.7413411848683484
2026-01-26,Daging Ayam,Sulawesi Tengah,36178.57,35828.164,0.9685455713147306
2026-02-02,Daging Ayam,Sulawesi Tengah,35407.14,36399.438,2.802535025421428
2026-02-09,Daging Ayam,Sulawesi Tengah,35825.0,35622.047,0.5665125610607118
2026-01-05,Daging Ayam,Sulawesi Tenggara,38000.0,37810.8,0.49789268092105265
2026-01-12,Daging Ayam,Sulawesi Tenggara,37600.0,37656.723,0.1508581283244681
2026-01-19,Daging Ayam,Sulawesi Tenggara,37600.0,37206.445,1.046687998670213
2026-01-26,Daging Ayam,Sulawesi Tenggara,37150.0,37083.824,0.17813130888290712
2026-02-02,Daging Ayam,Sulawesi Tenggara,36621.43,36996.727,1.0248004037526655
2026-02-09,Daging Ayam,Sulawesi Tenggara,35812.5,36415.676,1.6842604712041884
2026-01-05,Daging Ayam,Sulawesi Utara,44128.57,42035.09,4.744047124685888
2026-01-12,Daging Ayam,Sulawesi Utara,44100.0,42272.793,4.143326601473922
2026-01-19,Daging Ayam,Sulawesi Utara,43141.67,42275.684,2.0073084937370256
2026-01-26,Daging Ayam,Sulawesi Utara,41978.57,42160.984,0.4345416601851857
2026-02-02,Daging Ayam,Sulawesi Utara,41550.0,41334.36,0.5189906738868832
2026-02-09,Daging Ayam,Sulawesi Utara,42750.0,40594.457,5.042205774853801
2026-01-05,Daging Ayam,Sumatera Barat,52921.43,49669.84,6.144184229810117
2026-01-12,Daging Ayam,Sumatera Barat,52950.0,49774.887,5.996436791784703
2026-01-19,Daging Ayam,Sumatera Barat,52950.0,50104.645,5.373664719074599
2026-01-26,Daging Ayam,Sumatera Barat,52950.0,50060.12,5.457750531161473
2026-02-02,Daging Ayam,Sumatera Barat,53000.0,50298.89,5.096432783018868
2026-02-09,Daging Ayam,Sumatera Barat,53450.0,49394.016,7.588371141253508
2026-01-05,Daging Ayam,Sumatera Selatan,37128.57,37907.777,2.098673188194429
2026-01-12,Daging Ayam,Sumatera Selatan,36733.33,36827.695,0.2568928885565187
2026-01-19,Daging Ayam,Sumatera Selatan,36441.67,36392.047,0.13617138018098032
2026-01-26,Daging Ayam,Sumatera Selatan,38021.43,36020.887,5.261620305312031
2026-02-02,Daging Ayam,Sumatera Selatan,36571.43,38845.84,6.219089173570735
2026-02-09,Daging Ayam,Sumatera Selatan,36925.0,36367.77,1.5090872545700744
2026-01-05,Daging Ayam,Sumatera Utara,42957.14,42301.38,1.5265473766409947
2026-01-12,Daging Ayam,Sumatera Utara,42200.0,41719.312,1.1390699052132702
2026-01-19,Daging Ayam,Sumatera Utara,41750.0,40648.117,2.639240269461078
2026-01-26,Daging Ayam,Sumatera Utara,41478.57,40055.47,3.4309313218850113
2026-02-02,Daging Ayam,Sumatera Utara,41885.71,39990.1,4.525668628990649
2026-02-09,Daging Ayam,Sumatera Utara,42737.5,40841.156,4.437189236618894
2026-01-05,Daging Sapi,Aceh,146650.0,146096.12,0.3776849642004773
2026-01-12,Daging Sapi,Aceh,146650.0,146083.4,0.38635782475281283
2026-01-19,Daging Sapi,Aceh,146933.33,146209.23,0.4928055635845096
2026-01-26,Daging Sapi,Aceh,147500.0,146245.33,0.850625
2026-02-02,Daging Sapi,Aceh,147800.0,146861.9,0.6347048376184032
2026-02-09,Daging Sapi,Aceh,147850.0,147294.6,0.3756552248900913
2026-01-05,Daging Sapi,Bali,134892.86,134646.53,0.1826106659759353
2026-01-12,Daging Sapi,Bali,134850.0,134425.88,0.31451612903225806
2026-01-19,Daging Sapi,Bali,134850.0,134545.44,0.22585279940674827
2026-01-26,Daging Sapi,Bali,134850.0,134645.0,0.15202076381164256
2026-02-02,Daging Sapi,Bali,134850.0,135075.89,0.16751251390433816
2026-02-09,Daging Sapi,Bali,134250.0,136305.94,1.5314245810055866
2026-01-05,Daging Sapi,Banten,137700.0,135494.22,1.6018745461147423
2026-01-12,Daging Sapi,Banten,137700.0,134645.73,2.2180578249818446
2026-01-19,Daging Sapi,Banten,137700.0,135324.19,1.7253540305010893
2026-01-26,Daging Sapi,Banten,142507.14,136253.39,4.388376171888661
2026-02-02,Daging Sapi,Banten,144600.0,138619.25,4.136065006915629
2026-02-09,Daging Sapi,Banten,144600.0,141118.7,2.407535874827109
2026-01-05,Daging Sapi,Bengkulu,135950.0,135467.8,0.3546915226186098
2026-01-12,Daging Sapi,Bengkulu,135750.0,135400.3,0.25760819521178635
2026-01-19,Daging Sapi,Bengkulu,135650.0,135484.05,0.12233920014743827
2026-01-26,Daging Sapi,Bengkulu,135650.0,135591.94,0.04280316992259491
2026-02-02,Daging Sapi,Bengkulu,136542.86,135758.75,0.5742592472429434
2026-02-09,Daging Sapi,Bengkulu,136900.0,136223.45,0.49419055880204527
2026-01-05,Daging Sapi,DI Yogyakarta,136250.0,135979.23,0.1987270642201835
2026-01-12,Daging Sapi,DI Yogyakarta,136250.0,135993.06,0.18857798165137615
2026-01-19,Daging Sapi,DI Yogyakarta,136250.0,135976.64,0.20063073394495412
2026-01-26,Daging Sapi,DI Yogyakarta,136250.0,135989.14,0.19145642201834862
2026-02-02,Daging Sapi,DI Yogyakarta,136250.0,136202.77,0.03466743119266055
2026-02-09,Daging Sapi,DI Yogyakarta,136250.0,136351.22,0.07428899082568807
2026-01-05,Daging Sapi,DKI Jakarta,137500.0,136590.45,0.6614886363636363
2026-01-12,Daging Sapi,DKI Jakarta,137500.0,136868.69,0.4591363636363637
2026-01-19,Daging Sapi,DKI Jakarta,138616.67,136778.28,1.326239297192764
2026-01-26,Daging Sapi,DKI Jakarta,144250.0,138311.4,4.116876083188909
2026-02-02,Daging Sapi,DKI Jakarta,144250.0,140488.81,2.6074090121317157
2026-02-09,Daging Sapi,DKI Jakarta,144250.0,140180.28,2.821295493934142
2026-01-05,Daging Sapi,Gorontalo,137142.86,135967.9,0.8567370915263005
2026-01-12,Daging Sapi,Gorontalo,137500.0,136461.17,0.7555113636363636
2026-01-19,Daging Sapi,Gorontalo,137500.0,136871.14,0.45735227272727275
2026-01-26,Daging Sapi,Gorontalo,137500.0,136665.16,0.6071590909090909
2026-02-02,Daging Sapi,Gorontalo,138392.86,136702.88,1.2211504264020459
2026-02-09,Daging Sapi,Gorontalo,138750.0,137645.19,0.7962612612612613
2026-01-05,Daging Sapi,Jambi,137500.0,138781.08,0.9316931818181818
2026-01-12,Daging Sapi,Jambi,137500.0,136723.61,0.5646477272727273
2026-01-19,Daging Sapi,Jambi,137500.0,136815.92,0.4975113636363636
2026-01-26,Daging Sapi,Jambi,137500.0,136859.86,0.46555681818181816
2026-02-02,Daging Sapi,Jambi,137500.0,137050.81,0.3266818181818182
2026-02-09,Daging Sapi,Jambi,138437.5,137246.53,0.860293453724605
2026-01-05,Daging Sapi,Jawa Barat,139450.0,139198.5,0.18035138042309073
2026-01-12,Daging Sapi,Jawa Barat,139500.0,139254.84,0.17573924731182797
2026-01-19,Daging Sapi,Jawa Barat,140458.33,139137.25,0.9405494141927981
2026-01-26,Daging Sapi,Jawa Barat,141171.43,139446.64,1.2217694295510027
2026-02-02,Daging Sapi,Jawa Barat,141200.0,140444.48,0.5350677230878187
2026-02-09,Daging Sapi,Jawa Barat,141400.0,141237.89,0.11464595120226308
2026-01-05,Daging Sapi,Jawa Tengah,128171.43,127826.664,0.2689881337049864
2026-01-12,Daging Sapi,Jawa Tengah,128250.0,128241.555,0.006585038986354776
2026-01-19,Daging Sapi,Jawa Tengah,128300.0,128039.234,0.2032467848791894
2026-01-26,Daging Sapi,Jawa Tengah,128300.0,128181.81,0.09211808261886203
2026-02-02,Daging Sapi,Jawa Tengah,128121.43,128291.67,0.1328754096797132
2026-02-09,Daging Sapi,Jawa Tengah,128500.0,128935.95,0.33926313229571986
2026-01-05,Daging Sapi,Jawa Timur,123800.0,123352.44,0.36152059773828754
2026-01-12,Daging Sapi,Jawa Timur,124566.67,123493.42,0.8615853060854868
2026-01-19,Daging Sapi,Jawa Timur,124475.0,123796.086,0.5454220224944768
2026-01-26,Daging Sapi,Jawa Timur,124450.0,123429.336,0.8201398654077943
2026-02-02,Daging Sapi,Jawa Timur,124535.71,123680.305,0.6868755255018872
2026-02-09,Daging Sapi,Jawa Timur,124375.0,124524.055,0.11984296482412059
2026-01-05,Daging Sapi,Kalimantan Barat,149600.0,149903.4,0.20281166443850265
2026-01-12,Daging Sapi,Kalimantan Barat,149600.0,150039.1,0.29351186497326204
2026-01-19,Daging Sapi,Kalimantan Barat,149600.0,149969.83,0.24721131350267378
2026-01-26,Daging Sapi,Kalimantan Barat,149600.0,149969.69,0.24711731283422458
2026-02-02,Daging Sapi,Kalimantan Barat,149114.29,150416.7,0.8734328044615923
2026-02-09,Daging Sapi,Kalimantan Barat,150100.0,150282.5,0.12158560959360427
2026-01-05,Daging Sapi,Kalimantan Selatan,162900.0,162391.53,0.31213551258440764
2026-01-12,Daging Sapi,Kalimantan Selatan,162900.0,162416.6,0.296750306936771
2026-01-19,Daging Sapi,Kalimantan Selatan,162900.0,162484.83,0.25486302946593
2026-01-26,Daging Sapi,Kalimantan Selatan,162900.0,162631.44,0.16486341313689382
2026-02-02,Daging Sapi,Kalimantan Selatan,162900.0,162572.27,0.20118746163290363
2026-02-09,Daging Sapi,Kalimantan Selatan,162900.0,162531.27,0.22635627685696746
2026-01-05,Daging Sapi,Kalimantan Tengah,155350.0,156632.64,0.825645719343418
2026-01-12,Daging Sapi,Kalimantan Tengah,155350.0,154920.9,0.27621097521725135
2026-01-19,Daging Sapi,Kalimantan Tengah,155350.0,154316.38,0.6653524299967815
2026-01-26,Daging Sapi,Kalimantan Tengah,155350.0,154248.67,0.7089334567106533
2026-02-02,Daging Sapi,Kalimantan Tengah,155350.0,154398.9,0.6122264242034117
2026-02-09,Daging Sapi,Kalimantan Tengah,155350.0,154374.61,0.6278665111039589
2026-01-05,Daging Sapi,Kalimantan Timur,159600.0,160396.28,0.49892308897243104
2026-01-12,Daging Sapi,Kalimantan Timur,159600.0,160399.97,0.501233552631579
2026-01-19,Daging Sapi,Kalimantan Timur,159600.0,160275.34,0.4231477130325814
2026-01-26,Daging Sapi,Kalimantan Timur,159600.0,160129.84,0.33198229949874686
2026-02-02,Daging Sapi,Kalimantan Timur,159600.0,159850.84,0.1571702694235589
2026-02-09,Daging Sapi,Kalimantan Timur,159600.0,159862.27,0.16432683270676693
2026-01-05,Daging Sapi,Kalimantan Utara,146250.0,147493.98,0.8505876068376068
2026-01-12,Daging Sapi,Kalimantan Utara,146250.0,147451.02,0.821207264957265
2026-01-19,Daging Sapi,Kalimantan Utara,146875.0,147669.08,0.5406489361702128
2026-01-26,Daging Sapi,Kalimantan Utara,147500.0,147893.23,0.26659957627118647
2026-02-02,Daging Sapi,Kalimantan Utara,147871.43,148282.58,0.2780443287794045
2026-02-09,Daging Sapi,Kalimantan Utara,148600.0,149290.69,0.4647964333781965
2026-01-05,Daging Sapi,Kepulauan Bangka Belitung,135000.0,134602.11,0.29473379629629626
2026-01-12,Daging Sapi,Kepulauan Bangka Belitung,135000.0,134247.94,0.5570833333333333
2026-01-19,Daging Sapi,Kepulauan Bangka Belitung,135000.0,134551.47,0.3322453703703704
2026-01-26,Daging Sapi,Kepulauan Bangka Belitung,135000.0,134580.22,0.31094907407407407
2026-02-02,Daging Sapi,Kepulauan Bangka Belitung,135650.0,134936.52,0.525974474751198
2026-02-09,Daging Sapi,Kepulauan Bangka Belitung,144700.0,135315.73,6.485325241879751
2026-01-05,Daging Sapi,Kepulauan Riau,122100.0,120406.84,1.3866963554463554
2026-01-12,Daging Sapi,Kepulauan Riau,122000.0,121217.66,0.6412653688524591
2026-01-19,Daging Sapi,Kepulauan Riau,122300.0,121546.46,0.6161398712183156
2026-01-26,Daging Sapi,Kepulauan Riau,124021.43,121839.29,1.7594869995451536
2026-02-02,Daging Sapi,Kepulauan Riau,122950.0,122607.35,0.27868925376169174
2026-02-09,Daging Sapi,Kepulauan Riau,122100.0,121832.875,0.21877559377559375
2026-01-05,Daging Sapi,Lampung,130000.0,129019.766,0.7540264423076923
2026-01-12,Daging Sapi,Lampung,130000.0,129089.26,0.7005709134615384
2026-01-19,Daging Sapi,Lampung,130000.0,129274.48,0.5580949519230769
2026-01-26,Daging Sapi,Lampung,130000.0,129346.3,0.5028485576923077
2026-02-02,Daging Sapi,Lampung,129742.86,129473.77,0.207399900464658
2026-02-09,Daging Sapi,Lampung,129700.0,131098.97,1.0786189282960679
2026-01-05,Daging Sapi,Maluku,145000.0,141974.75,2.0863793103448276
2026-01-12,Daging Sapi,Maluku,145000.0,144092.2,0.6260668103448276
2026-01-19,Daging Sapi,Maluku,145000.0,144057.34,0.6501077586206896
2026-01-26,Daging Sapi,Maluku,145000.0,144336.84,0.4573491379310345
2026-02-02,Daging Sapi,Maluku,145000.0,144690.73,0.2132866379310345
2026-02-09,Daging Sapi,Maluku,145000.0,144941.33,0.04046336206896552
2026-01-05,Daging Sapi,Maluku Utara,143750.0,141652.34,1.4592391304347827
2026-01-12,Daging Sapi,Maluku Utara,143750.0,142284.0,1.0198260869565217
2026-01-19,Daging Sapi,Maluku Utara,143750.0,142434.28,0.9152826086956521
2026-01-26,Daging Sapi,Maluku Utara,143750.0,142512.84,0.8606304347826088
2026-02-02,Daging Sapi,Maluku Utara,143750.0,142162.45,1.1043804347826087
2026-02-09,Daging Sapi,Maluku Utara,143750.0,142389.45,0.9464673913043478
2026-01-05,Daging Sapi,Nusa Tenggara Barat,119875.0,119306.91,0.47390510948905107
2026-01-12,Daging Sapi,Nusa Tenggara Barat,119875.0,119436.305,0.3659606360792492
2026-01-19,Daging Sapi,Nusa Tenggara Barat,119875.0,119585.39,0.24159280500521377
2026-01-26,Daging Sapi,Nusa Tenggara Barat,119875.0,119588.48,0.23901850886339937
2026-02-02,Daging Sapi,Nusa Tenggara Barat,119875.0,119890.02,0.012532586027111573
2026-02-09,Daging Sapi,Nusa Tenggara Barat,119875.0,119819.24,0.046513295099061526
2026-01-05,Daging Sapi,Nusa Tenggara Timur,116650.0,115583.28,0.9144609944277755
2026-01-12,Daging Sapi,Nusa Tenggara Timur,116650.0,115538.96,0.9524552614659237
2026-01-19,Daging Sapi,Nusa Tenggara Timur,116650.0,115608.52,0.8928217423917701
2026-01-26,Daging Sapi,Nusa Tenggara Timur,116650.0,115600.07,0.9000683133304759
2026-02-02,Daging Sapi,Nusa Tenggara Timur,116650.0,115851.92,0.6841647021003001
2026-02-09,Daging Sapi,Nusa Tenggara Timur,116650.0,115815.586,0.7153142413201886
2026-01-05,Daging Sapi,Papua,148200.0,148595.45,0.2668374662618084
2026-01-12,Daging Sapi,Papua,148200.0,148552.27,0.23769610323886642
2026-01-19,Daging Sapi,Papua,148200.0,148555.47,0.2398574561403509
2026-01-26,Daging Sapi,Papua,148200.0,148677.36,0.32210484143049933
2026-02-02,Daging Sapi,Papua,148200.0,148989.4,0.5326627867746289
2026-02-09,Daging Sapi,Papua,148200.0,149099.94,0.6072452766531714
2026-01-05,Daging Sapi,Papua Barat,147500.0,149271.58,1.2010699152542372
2026-01-12,Daging Sapi,Papua Barat,147500.0,148181.72,0.4621822033898305
2026-01-19,Daging Sapi,Papua Barat,147500.0,148306.39,0.5467055084745762
2026-01-26,Daging Sapi,Papua Barat,147500.0,147761.45,0.1772563559322034
2026-02-02,Daging Sapi,Papua Barat,147500.0,147470.12,0.020254237288135593
2026-02-09,Daging Sapi,Papua Barat,147500.0,147546.78,0.031716101694915254
2026-01-05,Daging Sapi,Riau,126950.0,126127.66,0.6477697912564002
2026-01-12,Daging Sapi,Riau,127266.67,126442.18,0.6478446497421503
2026-01-19,Daging Sapi,Riau,127400.0,127425.18,0.01976427590266876
2026-01-26,Daging Sapi,Riau,127400.0,127701.28,0.23648449764521193
2026-02-02,Daging Sapi,Riau,128000.0,127776.81,0.174365234375
2026-02-09,Daging Sapi,Riau,128650.0,128170.664,0.37258914691022155
2026-01-05,Daging Sapi,Sulawesi Barat,128350.0,128447.91,0.07628067783404753
2026-01-12,Daging Sapi,Sulawesi Barat,128350.0,128403.625,0.0417802882742501
2026-01-19,Daging Sapi,Sulawesi Barat,128350.0,128415.92,0.051361024542267236
2026-01-26,Daging Sapi,Sulawesi Barat,128350.0,128428.695,0.061313059992208804
2026-02-02,Daging Sapi,Sulawesi Barat,128350.0,128693.2,0.26739627970393454
2026-02-09,Daging Sapi,Sulawesi Barat,128350.0,129266.74,0.7142518017140631
2026-01-05,Daging Sapi,Sulawesi Selatan,127500.0,127959.34,0.3602696078431372
2026-01-12,Daging Sapi,Sulawesi Selatan,127500.0,127909.625,0.3212745098039216
2026-01-19,Daging Sapi,Sulawesi Selatan,127500.0,127939.49,0.3446997549019608
2026-01-26,Daging Sapi,Sulawesi Selatan,127500.0,127985.51,0.3807904411764706
2026-02-02,Daging Sapi,Sulawesi Selatan,127500.0,128109.62,0.47813112745098035
2026-02-09,Daging Sapi,Sulawesi Selatan,127500.0,128412.35,0.7155698529411765
2026-01-05,Daging Sapi,Sulawesi Tengah,143750.0,143268.62,0.3348695652173913
2026-01-12,Daging Sapi,Sulawesi Tengah,143750.0,143214.97,0.37219565217391304
2026-01-19,Daging Sapi,Sulawesi Tengah,143750.0,143274.72,0.3306304347826087
2026-01-26,Daging Sapi,Sulawesi Tengah,143750.0,143345.61,0.28131521739130433
2026-02-02,Daging Sapi,Sulawesi Tengah,143750.0,143015.0,0.5113043478260869
2026-02-09,Daging Sapi,Sulawesi Tengah,143750.0,143217.73,0.37027173913043476
2026-01-05,Daging Sapi,Sulawesi Tenggara,136900.0,136633.14,0.19493014974433892
2026-01-12,Daging Sapi,Sulawesi Tenggara,136900.0,136707.6,0.14054510591672753
2026-01-19,Daging Sapi,Sulawesi Tenggara,136900.0,136675.3,0.1641366873630387
2026-01-26,Daging Sapi,Sulawesi Tenggara,136900.0,136587.22,0.2284742512783053
2026-02-02,Daging Sapi,Sulawesi Tenggara,136900.0,136804.86,0.06949643900657414
2026-02-09,Daging Sapi,Sulawesi Tenggara,136900.0,136963.61,0.0464641161431702
2026-01-05,Daging Sapi,Sulawesi Utara,136275.0,135955.03,0.23479636763896533
2026-01-12,Daging Sapi,Sulawesi Utara,136275.0,135960.5,0.23078334250596222
2026-01-19,Daging Sapi,Sulawesi Utara,136275.0,135769.03,0.3712850853054485
2026-01-26,Daging Sapi,Sulawesi Utara,136275.0,136007.78,0.1960878737846267
2026-02-02,Daging Sapi,Sulawesi Utara,136275.0,136237.12,0.027793065492570167
2026-02-09,Daging Sapi,Sulawesi Utara,136275.0,136380.95,0.07774949550541185
2026-01-05,Daging Sapi,Sumatera Barat,146250.0,145768.73,0.3290705128205128
2026-01-12,Daging Sapi,Sumatera Barat,146250.0,145780.83,0.32080128205128206
2026-01-19,Daging Sapi,Sumatera Barat,146250.0,145904.1,0.236517094017094
2026-01-26,Daging Sapi,Sumatera Barat,146528.57,145978.56,0.37535853929374113
2026-02-02,Daging Sapi,Sumatera Barat,149128.57,146025.02,2.081126624495901
2026-02-09,Daging Sapi,Sumatera Barat,149400.0,148031.47,0.9160182396251673
2026-01-05,Daging Sapi,Sumatera Selatan,139625.0,139073.17,0.39522157564905996
2026-01-12,Daging Sapi,Sumatera Selatan,139625.0,139281.72,0.2458594449418084
2026-01-19,Daging Sapi,Sumatera Selatan,139625.0,139368.84,0.1834601611459266
2026-01-26,Daging Sapi,Sumatera Selatan,139625.0,139280.31,0.24686660698299015
2026-02-02,Daging Sapi,Sumatera Selatan,139625.0,139467.88,0.11253357206803939
2026-02-09,Daging Sapi,Sumatera Selatan,139625.0,140030.28,0.2902641002685765
2026-01-05,Daging Sapi,Sumatera Utara,134335.71,134291.83,0.032665830254659654
2026-01-12,Daging Sapi,Sumatera Utara,134300.0,134066.0,0.1742367833209233
2026-01-19,Daging Sapi,Sumatera Utara,134425.0,133817.53,0.45190161800260364
2026-01-26,Daging Sapi,Sumatera Utara,136135.71,133999.05,1.5695096642901352
2026-02-02,Daging Sapi,Sumatera Utara,136750.0,134678.17,1.5150479890310786
2026-02-09,Daging Sapi,Sumatera Utara,136750.0,134459.78,1.6747486288848263
2026-01-05,Gula Pasir,Aceh,19128.57,19254.379,0.6577015754444806
2026-01-12,Gula Pasir,Aceh,19100.0,19308.924,1.0938420320680629
2026-01-19,Gula Pasir,Aceh,19083.33,19237.018,0.8053498950392738
2026-01-26,Gula Pasir,Aceh,19050.0,19133.328,0.43741797900262464
2026-02-02,Gula Pasir,Aceh,19071.43,19111.877,0.21208138626731035
2026-02-09,Gula Pasir,Aceh,19125.0,19130.582,0.029187091503267974
2026-01-05,Gula Pasir,Bali,18050.0,18236.414,1.0327648891966759
2026-01-12,Gula Pasir,Bali,18133.33,18255.535,0.6739256179091112
2026-01-19,Gula Pasir,Bali,18150.0,18274.373,0.6852509469696969
2026-01-26,Gula Pasir,Bali,18150.0,18247.36,0.5364152892561983
2026-02-02,Gula Pasir,Bali,18185.71,18207.582,0.12027042798989358
2026-02-09,Gula Pasir,Bali,18200.0,18292.125,0.5061813186813187
2026-01-05,Gula Pasir,Banten,18650.0,18841.31,1.0257938170241288
2026-01-12,Gula Pasir,Banten,18650.0,18892.184,1.2985715482573725
2026-01-19,Gula Pasir,Banten,18650.0,18835.324,0.9936955428954423
2026-01-26,Gula Pasir,Banten,18650.0,18757.734,0.5776642091152815
2026-02-02,Gula Pasir,Banten,18650.0,18739.547,0.48014410187667567
2026-02-09,Gula Pasir,Banten,18650.0,18742.795,0.4975599028150134
2026-01-05,Gula Pasir,Bengkulu,18278.57,18473.064,1.0640572710283152
2026-01-12,Gula Pasir,Bengkulu,18300.0,18495.045,1.0658192452185793
2026-01-19,Gula Pasir,Bengkulu,18300.0,18499.385,1.089534238387978
2026-01-26,Gula Pasir,Bengkulu,18300.0,18418.445,0.6472421448087432
2026-02-02,Gula Pasir,Bengkulu,18342.86,18403.102,0.32841968209973477
2026-02-09,Gula Pasir,Bengkulu,18350.0,18463.957,0.6210192438692098
2026-01-05,Gula Pasir,DI Yogyakarta,17650.0,17862.645,1.2047848796033993
2026-01-12,Gula Pasir,DI Yogyakarta,17933.33,17929.305,0.022445984655397218
2026-01-19,Gula Pasir,DI Yogyakarta,18191.67,18133.764,0.3183123271530226
2026-01-26,Gula Pasir,DI Yogyakarta,18200.0,18348.764,0.8173828124999999
2026-02-02,Gula Pasir,DI Yogyakarta,18200.0,18242.27,0.2322501717032967
2026-02-09,Gula Pasir,DI Yogyakarta,18200.0,18235.676,0.1960207760989011
2026-01-05,Gula Pasir,DKI Jakarta,19050.0,19293.596,1.2787176017060369
2026-01-12,Gula Pasir,DKI Jakarta,19050.0,19336.525,1.5040702919947506
2026-01-19,Gula Pasir,DKI Jakarta,19050.0,19260.826,1.10669906496063
2026-01-26,Gula Pasir,DKI Jakarta,19092.86,19202.916,0.5764249862252141
2026-02-02,Gula Pasir,DKI Jakarta,19200.0,19199.682,0.0016581217447916667
2026-02-09,Gula Pasir,DKI Jakarta,19200.0,19242.04,0.21895345052083334
2026-01-05,Gula Pasir,Gorontalo,19321.43,19362.51,0.21261244962199854
2026-01-12,Gula Pasir,Gorontalo,19350.0,19395.033,0.2327297319121447
2026-01-19,Gula Pasir,Gorontalo,19533.33,19426.045,0.5492411080189693
2026-01-26,Gula Pasir,Gorontalo,19700.0,19517.312,0.9273477157360407
2026-02-02,Gula Pasir,Gorontalo,19700.0,19714.242,0.07229536802030458
2026-02-09,Gula Pasir,Gorontalo,19700.0,19679.73,0.10289102157360407
2026-01-05,Gula Pasir,Jambi,18200.0,18397.129,1.0831258585164836
2026-01-12,Gula Pasir,Jambi,18200.0,18558.654,1.9706280048076925
2026-01-19,Gula Pasir,Jambi,18250.0,18518.352,1.4704195205479453
2026-01-26,Gula Pasir,Jambi,18250.0,18377.951,0.7011023116438356
2026-02-02,Gula Pasir,Jambi,18250.0,18328.027,0.42754708904109584
2026-02-09,Gula Pasir,Jambi,18450.0,18349.273,0.5459434281842818
2026-01-05,Gula Pasir,Jawa Barat,18350.0,18474.393,0.6778887091280654
2026-01-12,Gula Pasir,Jawa Barat,18350.0,18534.69,1.0064820333787468
2026-01-19,Gula Pasir,Jawa Barat,18400.0,18488.645,0.4817637567934783
2026-01-26,Gula Pasir,Jawa Barat,18450.0,18502.03,0.2820016090785908
2026-02-02,Gula Pasir,Jawa Barat,18500.0,18573.826,0.3990603885135135
2026-02-09,Gula Pasir,Jawa Barat,18500.0,18624.477,0.6728462837837837
2026-01-05,Gula Pasir,Jawa Tengah,17850.0,17959.4,0.6128873424369747
2026-01-12,Gula Pasir,Jawa Tengah,17941.67,17998.94,0.31919800734826664
2026-01-19,Gula Pasir,Jawa Tengah,18050.0,18131.414,0.4510474376731302
2026-01-26,Gula Pasir,Jawa Tengah,18092.86,18149.494,0.31301928288285774
2026-02-02,Gula Pasir,Jawa Tengah,18121.43,18140.084,0.10293880987868899
2026-02-09,Gula Pasir,Jawa Tengah,18150.0,18190.133,0.22111742424242423
2026-01-05,Gula Pasir,Jawa Timur,16900.0,17046.209,0.8651419193786982
2026-01-12,Gula Pasir,Jawa Timur,17041.67,17078.91,0.21852410151118845
2026-01-19,Gula Pasir,Jawa Timur,17200.0,17223.05,0.13401617005813954
2026-01-26,Gula Pasir,Jawa Timur,17271.43,17260.713,0.06205108306029258
2026-02-02,Gula Pasir,Jawa Timur,17300.0,17328.584,0.16522534320809248
2026-02-09,Gula Pasir,Jawa Timur,17300.0,17369.84,0.40369851878612717
2026-01-05,Gula Pasir,Kalimantan Barat,18335.71,18437.465,0.554954478174016
2026-01-12,Gula Pasir,Kalimantan Barat,18383.33,18454.502,0.3871548469455656
2026-01-19,Gula Pasir,Kalimantan Barat,18500.0,18496.836,0.01710304054054054
2026-01-26,Gula Pasir,Kalimantan Barat,18600.0,18684.299,0.45321950604838707
2026-02-02,Gula Pasir,Kalimantan Barat,18871.43,18629.686,1.2810076031599105
2026-02-09,Gula Pasir,Kalimantan Barat,18825.0,18850.281,0.1342961487383798
2026-01-05,Gula Pasir,Kalimantan Selatan,18700.0,18857.648,0.8430397727272727
2026-01-12,Gula Pasir,Kalimantan Selatan,18933.33,18902.975,0.16032779561229718
2026-01-19,Gula Pasir,Kalimantan Selatan,19000.0,19080.047,0.4212993421052632
2026-01-26,Gula Pasir,Kalimantan Selatan,18950.0,19062.32,0.592719327176781
2026-02-02,Gula Pasir,Kalimantan Selatan,18950.0,18985.986,0.18990146767810026
2026-02-09,Gula Pasir,Kalimantan Selatan,18950.0,18954.672,0.024653693931398418
2026-01-05,Gula Pasir,Kalimantan Tengah,20050.0,20105.307,0.27584359413965087
2026-01-12,Gula Pasir,Kalimantan Tengah,20100.0,20089.7,0.05124766791044776
2026-01-19,Gula Pasir,Kalimantan Tengah,20066.67,20125.842,0.2948760151784115
2026-01-26,Gula Pasir,Kalimantan Tengah,20178.57,20050.592,0.6342283081754541
2026-02-02,Gula Pasir,Kalimantan Tengah,20328.57,20208.83,0.5890228475244432
2026-02-09,Gula Pasir,Kalimantan Tengah,20350.0,20424.043,0.3638475122850123
2026-01-05,Gula Pasir,Kalimantan Timur,18950.0,19141.58,1.0109766655672823
2026-01-12,Gula Pasir,Kalimantan Timur,18941.67,19164.46,1.176194799613771
2026-01-19,Gula Pasir,Kalimantan Timur,18950.0,19127.045,0.9342739940633246
2026-01-26,Gula Pasir,Kalimantan Timur,18971.43,19088.287,0.6159636325516827
2026-02-02,Gula Pasir,Kalimantan Timur,19000.0,19071.64,0.3770559210526316
2026-02-09,Gula Pasir,Kalimantan Timur,19100.0,19083.387,0.08698053010471204
2026-01-05,Gula Pasir,Kalimantan Utara,18757.14,19238.145,2.564380983721402
2026-01-12,Gula Pasir,Kalimantan Utara,18950.0,19016.895,0.3530054419525066
2026-01-19,Gula Pasir,Kalimantan Utara,19100.0,19113.7,0.07172365837696336
2026-01-26,Gula Pasir,Kalimantan Utara,19100.0,19118.111,0.09482370746073299
2026-02-02,Gula Pasir,Kalimantan Utara,19100.0,19129.348,0.15365265052356022
2026-02-09,Gula Pasir,Kalimantan Utara,19062.5,19121.283,0.3083709016393443
2026-01-05,Gula Pasir,Kepulauan Bangka Belitung,18250.0,18402.045,0.8331228595890411
2026-01-12,Gula Pasir,Kepulauan Bangka Belitung,18250.0,18526.885,1.5171767979452055
2026-01-19,Gula Pasir,Kepulauan Bangka Belitung,18275.0,18521.79,1.3504189466484267
2026-01-26,Gula Pasir,Kepulauan Bangka Belitung,18300.0,18377.805,0.4251622267759563
2026-02-02,Gula Pasir,Kepulauan Bangka Belitung,18300.0,18383.135,0.45428833674863384
2026-02-09,Gula Pasir,Kepulauan Bangka Belitung,18300.0,18370.865,0.38724171789617484
2026-01-05,Gula Pasir,Kepulauan Riau,17900.0,17983.264,0.4651601780726257
2026-01-12,Gula Pasir,Kepulauan Riau,17900.0,17941.7,0.23295652932960892
2026-01-19,Gula Pasir,Kepulauan Riau,17800.0,17966.229,0.9338680653089888
2026-01-26,Gula Pasir,Kepulauan Riau,17714.29,17773.613,0.334889409905783
2026-02-02,Gula Pasir,Kepulauan Riau,17650.0,17700.686,0.28717023725212465
2026-02-09,Gula Pasir,Kepulauan Riau,17900.0,17630.281,1.506808659217877
2026-01-05,Gula Pasir,Lampung,18150.0,18179.785,0.16410554407713498
2026-01-12,Gula Pasir,Lampung,18150.0,18324.945,0.9638860192837465
2026-01-19,Gula Pasir,Lampung,18150.0,18319.738,0.9351971418732782
2026-01-26,Gula Pasir,Lampung,18150.0,18192.957,0.23667785812672174
2026-02-02,Gula Pasir,Lampung,18214.29,18227.908,0.07476658780001376
2026-02-09,Gula Pasir,Lampung,18212.5,18284.295,0.39420684625943714
2026-01-05,Gula Pasir,Maluku,20707.14,20749.922,0.20660446106995262
2026-01-12,Gula Pasir,Maluku,20650.0,20654.76,0.023049712469733655
2026-01-19,Gula Pasir,Maluku,20641.67,20644.18,0.012158354919934998
2026-01-26,Gula Pasir,Maluku,20742.86,20716.795,0.12565807282602584
2026-02-02,Gula Pasir,Maluku,21028.57,20808.72,1.0454790643158318
2026-02-09,Gula Pasir,Maluku,21000.0,21014.9,0.07095424107142857
2026-01-05,Gula Pasir,Maluku Utara,20500.0,20624.615,0.6078791920731708
2026-01-12,Gula Pasir,Maluku Utara,20500.0,20626.576,0.6174447408536585
2026-01-19,Gula Pasir,Maluku Utara,20500.0,20609.688,0.5350609756097562
2026-01-26,Gula Pasir,Maluku Utara,20500.0,20584.156,0.41051829268292683
2026-02-02,Gula Pasir,Maluku Utara,20500.0,20607.29,0.523361280487805
2026-02-09,Gula Pasir,Maluku Utara,20500.0,20615.645,0.5641196646341463
2026-01-05,Gula Pasir,Nusa Tenggara Barat,18000.0,18065.605,0.3644748263888889
2026-01-12,Gula Pasir,Nusa Tenggara Barat,18000.0,18121.021,0.6723415798611111
2026-01-19,Gula Pasir,Nusa Tenggara Barat,18000.0,18091.24,0.5068901909722222
2026-01-26,Gula Pasir,Nusa Tenggara Barat,18000.0,18043.568,0.24204644097222222
2026-02-02,Gula Pasir,Nusa Tenggara Barat,18028.57,18067.379,0.215263363927368
2026-02-09,Gula Pasir,Nusa Tenggara Barat,18175.0,18079.168,0.5272738995873452
2026-01-05,Gula Pasir,Nusa Tenggara Timur,19500.0,19576.809,0.3938902243589743
2026-01-12,Gula Pasir,Nusa Tenggara Timur,19500.0,19585.926,0.440645032051282
2026-01-19,Gula Pasir,Nusa Tenggara Timur,19500.0,19549.588,0.25429687500000003
2026-01-26,Gula Pasir,Nusa Tenggara Timur,19500.0,19554.16,0.277744391025641
2026-02-02,Gula Pasir,Nusa Tenggara Timur,19500.0,19577.668,0.3982972756410256
2026-02-09,Gula Pasir,Nusa Tenggara Timur,19525.0,19582.715,0.29559459026888607
2026-01-05,Gula Pasir,Papua,24100.0,24344.9,1.0161841934647304
2026-01-12,Gula Pasir,Papua,24100.0,24332.543,0.9649085840248962
2026-01-19,Gula Pasir,Papua,24100.0,24348.953,1.033000518672199
2026-01-26,Gula Pasir,Papua,24100.0,24333.568,0.9691633169087136
2026-02-02,Gula Pasir,Papua,24100.0,24283.012,0.7593847251037344
2026-02-09,Gula Pasir,Papua,24100.0,24279.303,0.7439947484439834
2026-01-05,Gula Pasir,Papua Barat,20750.0,20808.969,0.2841867469879518
2026-01-12,Gula Pasir,Papua Barat,20750.0,20789.213,0.18897778614457833
2026-01-19,Gula Pasir,Papua Barat,20750.0,20771.787,0.10499811746987951
2026-01-26,Gula Pasir,Papua Barat,20642.86,20732.816,0.43577491805883206
2026-02-02,Gula Pasir,Papua Barat,20414.29,20746.416,1.6269290561905367
2026-02-09,Gula Pasir,Papua Barat,20500.0,20671.383,0.8360137195121952
2026-01-05,Gula Pasir,Riau,17750.0,17844.31,0.5313270246478873
2026-01-12,Gula Pasir,Riau,17750.0,17848.428,0.5545224471830986
2026-01-19,Gula Pasir,Riau,17916.67,17843.285,0.40958974937864157
2026-01-26,Gula Pasir,Riau,17950.0,18034.125,0.4686629526462396
2026-02-02,Gula Pasir,Riau,17971.43,18061.027,0.49855433735656934
2026-02-09,Gula Pasir,Riau,18000.0,18027.412,0.15228949652777776
2026-01-05,Gula Pasir,Sulawesi Barat,18100.0,18250.576,0.8319125517955802
2026-01-12,Gula Pasir,Sulawesi Barat,18100.0,18310.598,1.1635229627071824
2026-01-19,Gula Pasir,Sulawesi Barat,18100.0,18289.549,1.0472310946132597
2026-01-26,Gula Pasir,Sulawesi Barat,18100.0,18165.865,0.36389632251381215
2026-02-02,Gula Pasir,Sulawesi Barat,18100.0,18162.115,0.34317809046961323
2026-02-09,Gula Pasir,Sulawesi Barat,18100.0,18167.174,0.3711261222375691
2026-01-05,Gula Pasir,Sulawesi Selatan,17450.0,17606.186,0.8950461138968481
2026-01-12,Gula Pasir,Sulawesi Selatan,17400.0,17562.17,0.9320110452586208
2026-01-19,Gula Pasir,Sulawesi Selatan,17300.0,17480.648,1.0442106213872833
2026-01-26,Gula Pasir,Sulawesi Selatan,17300.0,17462.361,0.938504786849711
2026-02-02,Gula Pasir,Sulawesi Selatan,17271.43,17432.24,0.9310765488150066
2026-02-09,Gula Pasir,Sulawesi Selatan,17325.0,17381.373,0.3253855519480519
2026-01-05,Gula Pasir,Sulawesi Tengah,20250.0,20442.006,0.9481770833333334
2026-01-12,Gula Pasir,Sulawesi Tengah,20250.0,20391.52,0.6988618827160494
2026-01-19,Gula Pasir,Sulawesi Tengah,20250.0,20397.121,0.7265239197530864
2026-01-26,Gula Pasir,Sulawesi Tengah,20250.0,20364.758,0.5667052469135803
2026-02-02,Gula Pasir,Sulawesi Tengah,20250.0,20389.309,0.6879436728395061
2026-02-09,Gula Pasir,Sulawesi Tengah,20250.0,20400.104,0.7412519290123457
2026-01-05,Gula Pasir,Sulawesi Tenggara,20250.0,20465.686,1.0651138117283951
2026-01-12,Gula Pasir,Sulawesi Tenggara,20250.0,20469.648,1.0846836419753088
2026-01-19,Gula Pasir,Sulawesi Tenggara,20450.0,20459.328,0.04561430317848411
2026-01-26,Gula Pasir,Sulawesi Tenggara,20471.43,20551.5,0.3911304681695402
2026-02-02,Gula Pasir,Sulawesi Tenggara,20500.0,20531.295,0.15265815548780487
2026-02-09,Gula Pasir,Sulawesi Tenggara,20500.0,20604.498,0.5097465701219512
2026-01-05,Gula Pasir,Sulawesi Utara,17850.0,17951.92,0.5709799544817927
2026-01-12,Gula Pasir,Sulawesi Utara,17850.0,17985.918,0.7614452030812324
2026-01-19,Gula Pasir,Sulawesi Utara,17850.0,18003.42,0.8594953606442577
2026-01-26,Gula Pasir,Sulawesi Utara,17907.14,17885.615,0.12020214073827211
2026-02-02,Gula Pasir,Sulawesi Utara,18014.29,18008.363,0.032900096256920884
2026-02-09,Gula Pasir,Sulawesi Utara,18050.0,18118.39,0.3788954293628809
2026-01-05,Gula Pasir,Sumatera Barat,18300.0,18436.8,0.7475452527322404
2026-01-12,Gula Pasir,Sumatera Barat,18366.67,18432.805,0.36007990288931935
2026-01-19,Gula Pasir,Sumatera Barat,18416.67,18503.482,0.47137958097203103
2026-01-26,Gula Pasir,Sumatera Barat,18450.0,18495.145,0.24468580623306235
2026-02-02,Gula Pasir,Sumatera Barat,18471.43,18527.143,0.30161486211408484
2026-02-09,Gula Pasir,Sumatera Barat,18500.0,18548.82,0.2638935810810811
2026-01-05,Gula Pasir,Sumatera Selatan,18242.86,18423.578,0.9906238659946929
2026-01-12,Gula Pasir,Sumatera Selatan,18250.0,18399.19,0.817476455479452
2026-01-19,Gula Pasir,Sumatera Selatan,18250.0,18433.39,1.0048801369863014
2026-01-26,Gula Pasir,Sumatera Selatan,18250.0,18375.775,0.6891802226027397
2026-02-02,Gula Pasir,Sumatera Selatan,18271.43,18366.264,0.5190270924333766
2026-02-09,Gula Pasir,Sumatera Selatan,18250.0,18386.096,0.7457298801369863
2026-01-05,Gula Pasir,Sumatera Utara,19350.0,19537.541,0.9692042151162791
2026-01-12,Gula Pasir,Sumatera Utara,19333.33,19394.248,0.31509340023161164
2026-01-19,Gula Pasir,Sumatera Utara,19391.67,19362.402,0.1509290135919096
2026-01-26,Gula Pasir,Sumatera Utara,19300.0,19276.133,0.12366418393782383
2026-02-02,Gula Pasir,Sumatera Utara,19178.57,19260.127,0.4252504390316916
2026-02-09,Gula Pasir,Sumatera Utara,19362.5,19231.871,0.6746489670755326
2026-01-05,Minyak Goreng,Aceh,22100.0,22338.992,1.081412613122172
2026-01-12,Minyak Goreng,Aceh,21850.0,22265.44,1.9013247282608696
2026-01-19,Minyak Goreng,Aceh,21750.0,21998.977,1.144719827586207
2026-01-26,Minyak Goreng,Aceh,21821.43,21929.12,0.49350175779039096
2026-02-02,Minyak Goreng,Aceh,21900.0,21907.793,0.035584332191780824
2026-02-09,Minyak Goreng,Aceh,21900.0,22100.713,0.9164972174657534
2026-01-05,Minyak Goreng,Bali,21000.0,21041.145,0.1959263392857143
2026-01-12,Minyak Goreng,Bali,21041.67,21076.47,0.16538945399771857
2026-01-19,Minyak Goreng,Bali,21050.0,21107.172,0.2716003562945368
2026-01-26,Minyak Goreng,Bali,20935.71,21095.457,0.763036129417158
2026-02-02,Minyak Goreng,Bali,21035.71,20976.809,0.2800067421066326
2026-02-09,Minyak Goreng,Bali,21050.0,21177.658,0.6064522713776722
2026-01-05,Minyak Goreng,Banten,19300.0,19292.947,0.03654266515544041
2026-01-12,Minyak Goreng,Banten,19300.0,19299.492,0.002631152849740933
2026-01-19,Minyak Goreng,Banten,19300.0,19294.309,0.029489151554404146
2026-01-26,Minyak Goreng,Banten,19300.0,19230.56,0.35978991256476683
2026-02-02,Minyak Goreng,Banten,19300.0,19175.658,0.6442580148963731
2026-02-09,Minyak Goreng,Banten,19300.0,19188.06,0.5799971664507771
2026-01-05,Minyak Goreng,Bengkulu,20028.57,20153.63,0.6244123238703526
2026-01-12,Minyak Goreng,Bengkulu,20025.0,20150.342,0.6259265761548065
2026-01-19,Minyak Goreng,Bengkulu,20033.33,20106.36,0.3645393701396535
2026-01-26,Minyak Goreng,Bengkulu,20000.0,20077.271,0.386357421875
2026-02-02,Minyak Goreng,Bengkulu,20085.71,20084.188,0.007580015842104297
2026-02-09,Minyak Goreng,Bengkulu,20125.0,20223.512,0.48949922360248443
2026-01-05,Minyak Goreng,DI Yogyakarta,20250.0,20302.174,0.25764853395061726
2026-01-12,Minyak Goreng,DI Yogyakarta,20250.0,20327.22,0.38133680555555555
2026-01-19,Minyak Goreng,DI Yogyakarta,20250.0,20368.531,0.5853395061728395
2026-01-26,Minyak Goreng,DI Yogyakarta,20321.43,20362.59,0.20254403233433724
2026-02-02,Minyak Goreng,DI Yogyakarta,20485.71,20392.332,0.45582002649651454
2026-02-09,Minyak Goreng,DI Yogyakarta,20550.0,20608.797,0.2861161800486618
2026-01-05,Minyak Goreng,DKI Jakarta,20900.0,20958.025,0.2776334479665072
2026-01-12,Minyak Goreng,DKI Jakarta,20900.0,20959.682,0.2855580891148325
2026-01-19,Minyak Goreng,DKI Jakarta,20900.0,20997.525,0.466628663277512
2026-01-26,Minyak Goreng,DKI Jakarta,20900.0,20964.867,0.3103693181818182
2026-02-02,Minyak Goreng,DKI Jakarta,20900.0,20975.11,0.359375
2026-02-09,Minyak Goreng,DKI Jakarta,20900.0,20953.62,0.25655091208133973
2026-01-05,Minyak Goreng,Gorontalo,26107.14,25614.332,1.8876367489889718
2026-01-12,Minyak Goreng,Gorontalo,26100.0,25591.48,1.9483506944444444
2026-01-19,Minyak Goreng,Gorontalo,26066.67,25565.986,1.9207811042799032
2026-01-26,Minyak Goreng,Gorontalo,26100.0,25571.408,2.025255926724138
2026-02-02,Minyak Goreng,Gorontalo,26100.0,25423.035,2.5937350335249043
2026-02-09,Minyak Goreng,Gorontalo,26075.0,25564.242,1.9588027325023971
2026-01-05,Minyak Goreng,Jambi,20350.0,20424.285,0.36503762285012287
2026-01-12,Minyak Goreng,Jambi,20350.0,20454.457,0.5133023648648648
2026-01-19,Minyak Goreng,Jambi,20533.33,20476.707,0.27576125621125136
2026-01-26,Minyak Goreng,Jambi,20550.0,20569.514,0.09495704075425791
2026-02-02,Minyak Goreng,Jambi,20550.0,20593.63,0.2123156173965937
2026-02-09,Minyak Goreng,Jambi,20650.0,20610.363,0.19194536924939468
2026-01-05,Minyak Goreng,Jawa Barat,20800.0,20894.043,0.4521296574519231
2026-01-12,Minyak Goreng,Jawa Barat,20800.0,20928.824,0.6193472055288461
2026-01-19,Minyak Goreng,Jawa Barat,20800.0,20896.43,0.4636042668269231
2026-01-26,Minyak Goreng,Jawa Barat,20821.43,20891.842,0.3381698417207642
2026-02-02,Minyak Goreng,Jawa Barat,21064.29,20907.559,0.7440621366777654
2026-02-09,Minyak Goreng,Jawa Barat,21200.0,21181.547,0.08704304245283019
2026-01-05,Minyak Goreng,Jawa Tengah,20007.14,20002.607,0.022654802860375935
2026-01-12,Minyak Goreng,Jawa Tengah,19983.33,20090.408,0.5358376362948429
2026-01-19,Minyak Goreng,Jawa Tengah,20025.0,20044.225,0.09600304307116106
2026-01-26,Minyak Goreng,Jawa Tengah,20035.71,20072.004,0.18114609489756475
2026-02-02,Minyak Goreng,Jawa Tengah,20192.86,20145.666,0.23371619659127324
2026-02-09,Minyak Goreng,Jawa Tengah,20175.0,20381.139,1.0217530204460967
2026-01-05,Minyak Goreng,Jawa Timur,20400.0,20418.254,0.08947993259803921
2026-01-12,Minyak Goreng,Jawa Timur,20383.33,20465.791,0.40455124665595976
2026-01-19,Minyak Goreng,Jawa Timur,20400.0,20504.643,0.5129538143382353
2026-01-26,Minyak Goreng,Jawa Timur,20450.0,20470.045,0.09801917787286064
2026-02-02,Minyak Goreng,Jawa Timur,20450.0,20479.902,0.14622172982885084
2026-02-09,Minyak Goreng,Jawa Timur,20437.5,20502.934,0.320164373088685
2026-01-05,Minyak Goreng,Kalimantan Barat,20600.0,20456.822,0.6950375455097088
2026-01-12,Minyak Goreng,Kalimantan Barat,20550.0,20639.64,0.4362074209245742
2026-01-19,Minyak Goreng,Kalimantan Barat,20550.0,20619.408,0.3377528132603406
2026-01-26,Minyak Goreng,Kalimantan Barat,20550.0,20608.484,0.28459549878345497
2026-02-02,Minyak Goreng,Kalimantan Barat,20785.71,20664.178,0.5846914328401538
2026-02-09,Minyak Goreng,Kalimantan Barat,20750.0,20829.852,0.38482680722891566
2026-01-05,Minyak Goreng,Kalimantan Selatan,21050.0,21084.773,0.16519447743467933
2026-01-12,Minyak Goreng,Kalimantan Selatan,21050.0,21082.4,0.15392109560570072
2026-01-19,Minyak Goreng,Kalimantan Selatan,21050.0,21098.79,0.2317770190023753
2026-01-26,Minyak Goreng,Kalimantan Selatan,21100.0,21095.777,0.02001258886255924
2026-02-02,Minyak Goreng,Kalimantan Selatan,21100.0,21125.078,0.11885367298578198
2026-02-09,Minyak Goreng,Kalimantan Selatan,21100.0,21113.645,0.0646660248815166
2026-01-05,Minyak Goreng,Kalimantan Tengah,21150.0,21088.62,0.2902168291962175
2026-01-12,Minyak Goreng,Kalimantan Tengah,21200.0,21177.316,0.10699808372641509
2026-01-19,Minyak Goreng,Kalimantan Tengah,21250.0,21210.807,0.18443933823529413
2026-01-26,Minyak Goreng,Kalimantan Tengah,21228.57,21300.05,0.3367197189919071
2026-02-02,Minyak Goreng,Kalimantan Tengah,21200.0,21267.81,0.31986107016509435
2026-02-09,Minyak Goreng,Kalimantan Tengah,21200.0,21258.133,0.2742113797169812
2026-01-05,Minyak Goreng,Kalimantan Timur,21100.0,21080.697,0.09148215343601895
2026-01-12,Minyak Goreng,Kalimantan Timur,21091.67,21236.38,0.6861043216350424
2026-01-19,Minyak Goreng,Kalimantan Timur,21100.0,21172.312,0.3427132701421801
2026-01-26,Minyak Goreng,Kalimantan Timur,21100.0,21158.834,0.2788340491706161
2026-02-02,Minyak Goreng,Kalimantan Timur,21100.0,21238.252,0.6552225266587677
2026-02-09,Minyak Goreng,Kalimantan Timur,21100.0,21199.271,0.47048096860189575
2026-01-05,Minyak Goreng,Kalimantan Utara,20864.29,20823.447,0.1957542498450744
2026-01-12,Minyak Goreng,Kalimantan Utara,20808.33,20917.7,0.5256030577657997
2026-01-19,Minyak Goreng,Kalimantan Utara,20800.0,20867.373,0.3239088792067308
2026-01-26,Minyak Goreng,Kalimantan Utara,21314.29,20898.18,1.9522597867440146
2026-02-02,Minyak Goreng,Kalimantan Utara,21114.29,21279.455,0.7822431070379308
2026-02-09,Minyak Goreng,Kalimantan Utara,21075.0,21086.83,0.056133229537366554
2026-01-05,Minyak Goreng,Kepulauan Bangka Belitung,19200.0,18820.727,1.9753824869791665
2026-01-12,Minyak Goreng,Kepulauan Bangka Belitung,19200.0,19278.955,0.411224365234375
2026-01-19,Minyak Goreng,Kepulauan Bangka Belitung,19200.0,19195.293,0.024515787760416668
2026-01-26,Minyak Goreng,Kepulauan Bangka Belitung,19200.0,19200.086,0.0004475911458333333
2026-02-02,Minyak Goreng,Kepulauan Bangka Belitung,19200.0,19235.455,0.184661865234375
2026-02-09,Minyak Goreng,Kepulauan Bangka Belitung,19200.0,19241.826,0.21784464518229169
2026-01-05,Minyak Goreng,Kepulauan Riau,19100.0,19115.023,0.07865674083769633
2026-01-12,Minyak Goreng,Kepulauan Riau,19100.0,19099.148,0.004458442408376963
2026-01-19,Minyak Goreng,Kepulauan Riau,19150.0,19162.186,0.06363209856396868
2026-01-26,Minyak Goreng,Kepulauan Riau,19214.29,19166.031,0.25116072464817
2026-02-02,Minyak Goreng,Kepulauan Riau,19150.0,19205.857,0.2916836651436031
2026-02-09,Minyak Goreng,Kepulauan Riau,19150.0,19147.65,0.012269500652741515
2026-01-05,Minyak Goreng,Lampung,19750.0,19760.549,0.053411787974683544
2026-01-12,Minyak Goreng,Lampung,19700.0,19799.498,0.5050662277918782
2026-01-19,Minyak Goreng,Lampung,19700.0,19770.133,0.35600412436548223
2026-01-26,Minyak Goreng,Lampung,19742.86,19748.447,0.028300183585353987
2026-02-02,Minyak Goreng,Lampung,19928.57,19749.697,0.8975693407755786
2026-02-09,Minyak Goreng,Lampung,19950.0,20115.469,0.8294172932330828
2026-01-05,Minyak Goreng,Maluku,23250.0,23460.918,0.9071740591397849
2026-01-12,Minyak Goreng,Maluku,23250.0,23327.967,0.335341061827957
2026-01-19,Minyak Goreng,Maluku,23250.0,23302.135,0.22423555107526882
2026-01-26,Minyak Goreng,Maluku,23250.0,23344.62,0.4069640456989247
2026-02-02,Minyak Goreng,Maluku,23250.0,23325.105,0.32303427419354835
2026-02-09,Minyak Goreng,Maluku,23250.0,23355.256,0.452713373655914
2026-01-05,Minyak Goreng,Maluku Utara,23200.0,23427.943,0.9825144800646551
2026-01-12,Minyak Goreng,Maluku Utara,23200.0,23305.527,0.4548592403017242
2026-01-19,Minyak Goreng,Maluku Utara,23200.0,23290.65,0.3907344423491379
2026-01-26,Minyak Goreng,Maluku Utara,23200.0,23327.926,0.5514042295258621
2026-02-02,Minyak Goreng,Maluku Utara,23157.14,23296.506,0.6018267341087915
2026-02-09,Minyak Goreng,Maluku Utara,23100.0,23182.049,0.35518973214285715
2026-01-05,Minyak Goreng,Nusa Tenggara Barat,21635.71,21590.316,0.20980866239193965
2026-01-12,Minyak Goreng,Nusa Tenggara Barat,21650.0,21591.97,0.2680337038106236
2026-01-19,Minyak Goreng,Nusa Tenggara Barat,21675.0,21633.576,0.19111339388696655
2026-01-26,Minyak Goreng,Nusa Tenggara Barat,21614.29,21634.586,0.09390055144073262
2026-02-02,Minyak Goreng,Nusa Tenggara Barat,21671.43,21673.795,0.010912624939838807
2026-02-09,Minyak Goreng,Nusa Tenggara Barat,21650.0,21706.725,0.26200743360277134
2026-01-05,Minyak Goreng,Nusa Tenggara Timur,22850.0,22899.965,0.2186645240700219
2026-01-12,Minyak Goreng,Nusa Tenggara Timur,22850.0,22798.621,0.22485298140043763
2026-01-19,Minyak Goreng,Nusa Tenggara Timur,22850.0,22796.75,0.23304157549234134
2026-01-26,Minyak Goreng,Nusa Tenggara Timur,22850.0,22835.945,0.061508479212253823
2026-02-02,Minyak Goreng,Nusa Tenggara Timur,22800.0,22815.264,0.06694592927631579
2026-02-09,Minyak Goreng,Nusa Tenggara Timur,22750.0,22853.2,0.4536229395604396
2026-01-05,Minyak Goreng,Papua,25100.0,25065.168,0.13877303286852588
2026-01-12,Minyak Goreng,Papua,25066.67,25070.695,0.016058425391173803
2026-01-19,Minyak Goreng,Papua,25016.67,25016.951,0.0011239380581098374
2026-01-26,Minyak Goreng,Papua,25000.0,25006.582,0.026328125
2026-02-02,Minyak Goreng,Papua,25028.57,24979.094,0.19767909233328038
2026-02-09,Minyak Goreng,Papua,25000.0,25047.197,0.1887890625
2026-01-05,Minyak Goreng,Papua Barat,23850.0,23909.635,0.2500409460167715
2026-01-12,Minyak Goreng,Papua Barat,23850.0,23826.002,0.10062074161425576
2026-01-19,Minyak Goreng,Papua Barat,23850.0,23777.129,0.305539177148847
2026-01-26,Minyak Goreng,Papua Barat,23700.0,23789.432,0.37734869462025317
2026-02-02,Minyak Goreng,Papua Barat,23914.29,23681.84,0.972013621353596
2026-02-09,Minyak Goreng,Papua Barat,24100.0,23842.78,1.0673058220954357
2026-01-05,Minyak Goreng,Riau,19842.86,19795.41,0.23912804782173833
2026-01-12,Minyak Goreng,Riau,19850.0,19872.229,0.11198244647355163
2026-01-19,Minyak Goreng,Riau,19891.67,19893.748,0.010446819573227118
2026-01-26,Minyak Goreng,Riau,19900.0,19947.455,0.2384677292713568
2026-02-02,Minyak Goreng,Riau,19921.43,19935.164,0.06894114779912741
2026-02-09,Minyak Goreng,Riau,19937.5,20051.861,0.5735991379310345
2026-01-05,Minyak Goreng,Sulawesi Barat,21050.0,21114.57,0.3067473277909739
2026-01-12,Minyak Goreng,Sulawesi Barat,21050.0,21120.133,0.33317250593824227
2026-01-19,Minyak Goreng,Sulawesi Barat,21050.0,21159.71,0.5211921021377672
2026-01-26,Minyak Goreng,Sulawesi Barat,21050.0,21153.496,0.49166790380047504
2026-02-02,Minyak Goreng,Sulawesi Barat,21050.0,21128.633,0.37355255344418054
2026-02-09,Minyak Goreng,Sulawesi Barat,21050.0,21112.504,0.29693067102137766
2026-01-05,Minyak Goreng,Sulawesi Selatan,19892.86,19853.043,0.2001573994387965
2026-01-12,Minyak Goreng,Sulawesi Selatan,19950.0,19925.484,0.12288533834586465
2026-01-19,Minyak Goreng,Sulawesi Selatan,19950.0,20046.77,0.4850603070175439
2026-01-26,Minyak Goreng,Sulawesi Selatan,20050.0,20034.799,0.07581631857855362
2026-02-02,Minyak Goreng,Sulawesi Selatan,20121.43,20100.285,0.1050861879598035
2026-02-09,Minyak Goreng,Sulawesi Selatan,20112.5,20233.21,0.6001786824114357
2026-01-05,Minyak Goreng,Sulawesi Tengah,20600.0,20640.883,0.19846025485436894
2026-01-12,Minyak Goreng,Sulawesi Tengah,20600.0,20709.764,0.5328333586165048
2026-01-19,Minyak Goreng,Sulawesi Tengah,20600.0,20703.8,0.5038872876213591
2026-01-26,Minyak Goreng,Sulawesi Tengah,20600.0,20694.537,0.4589180066747573
2026-02-02,Minyak Goreng,Sulawesi Tengah,20600.0,20692.766,0.45031856796116504
2026-02-09,Minyak Goreng,Sulawesi Tengah,20650.0,20683.395,0.16171685835351088
2026-01-05,Minyak Goreng,Sulawesi Tenggara,22400.0,22389.041,0.048924037388392856
2026-01-12,Minyak Goreng,Sulawesi Tenggara,22400.0,22316.287,0.37371826171875
2026-01-19,Minyak Goreng,Sulawesi Tenggara,22400.0,22343.148,0.25380161830357145
2026-01-26,Minyak Goreng,Sulawesi Tenggara,22350.0,22413.74,0.2851912052572707
2026-02-02,Minyak Goreng,Sulawesi Tenggara,22350.0,22430.967,0.36226754753914986
2026-02-09,Minyak Goreng,Sulawesi Tenggara,22350.0,22428.945,0.35322287472035796
2026-01-05,Minyak Goreng,Sulawesi Utara,19100.0,19118.283,0.09572357657068063
2026-01-12,Minyak Goreng,Sulawesi Utara,19100.0,19179.674,0.41714046138743455
2026-01-19,Minyak Goreng,Sulawesi Utara,19116.67,19211.725,0.4972341384509004
2026-01-26,Minyak Goreng,Sulawesi Utara,19221.43,19184.543,0.1919057596131
2026-02-02,Minyak Goreng,Sulawesi Utara,19350.0,19207.379,0.7370599160206718
2026-02-09,Minyak Goreng,Sulawesi Utara,19350.0,19459.615,0.5664869993540051
2026-01-05,Minyak Goreng,Sumatera Barat,20700.0,20797.443,0.4707408665458937
2026-01-12,Minyak Goreng,Sumatera Barat,20700.0,20787.637,0.4233657910628019
2026-01-19,Minyak Goreng,Sumatera Barat,20700.0,20823.86,0.5983544685990337
2026-01-26,Minyak Goreng,Sumatera Barat,20728.57,20818.848,0.43552283756187854
2026-02-02,Minyak Goreng,Sumatera Barat,20814.29,20775.553,0.1861089935087907
2026-02-09,Minyak Goreng,Sumatera Barat,20900.0,20929.504,0.14116701555023922
2026-01-05,Minyak Goreng,Sumatera Selatan,20900.0,20963.785,0.30519213516746413
2026-01-12,Minyak Goreng,Sumatera Selatan,20925.0,20953.787,0.1375728046594982
2026-01-19,Minyak Goreng,Sumatera Selatan,20900.0,21026.146,0.6035716955741627
2026-01-26,Minyak Goreng,Sumatera Selatan,20842.86,20973.299,0.6258201999389691
2026-02-02,Minyak Goreng,Sumatera Selatan,20900.0,20926.49,0.12674753289473684
2026-02-09,Minyak Goreng,Sumatera Selatan,20900.0,21019.482,0.5716862290669856
2026-01-05,Minyak Goreng,Sumatera Utara,21450.0,21494.455,0.20724978146853149
2026-01-12,Minyak Goreng,Sumatera Utara,21150.0,21586.086,2.0618720449172576
2026-01-19,Minyak Goreng,Sumatera Utara,21150.0,21199.396,0.23355311761229314
2026-01-26,Minyak Goreng,Sumatera Utara,21150.0,21159.008,0.04259013002364066
2026-02-02,Minyak Goreng,Sumatera Utara,20964.29,21110.809,0.6988960453704806
2026-02-09,Minyak Goreng,Sumatera Utara,21150.0,21037.44,0.5322011672576833
2026-01-05,Telur Ayam,Aceh,31842.86,32113.691,0.8505247526447041
2026-01-12,Telur Ayam,Aceh,31000.0,31557.605,1.798727318548387
2026-01-19,Telur Ayam,Aceh,30175.0,30720.068,1.8063574461474732
2026-01-26,Telur Ayam,Aceh,29271.43,29798.594,1.8009497656930316
2026-02-02,Telur Ayam,Aceh,28535.71,29299.436,2.676385297141725
2026-02-09,Telur Ayam,Aceh,29075.0,28764.295,1.0686331147893378
2026-01-05,Telur Ayam,Bali,30600.0,30127.398,1.5444495506535947
2026-01-12,Telur Ayam,Bali,30600.0,30465.227,0.44043607026143794
2026-01-19,Telur Ayam,Bali,30600.0,30453.229,0.4796453737745098
2026-01-26,Telur Ayam,Bali,30600.0,30712.639,0.36810023488562094
2026-02-02,Telur Ayam,Bali,30421.43,30734.295,1.0284359475376394
2026-02-09,Telur Ayam,Bali,30450.0,30648.785,0.6528248152709359
2026-01-05,Telur Ayam,Banten,29850.0,29316.639,1.7868051193467336
2026-01-12,Telur Ayam,Banten,29000.0,29644.17,2.2212755926724137
2026-01-19,Telur Ayam,Banten,28500.0,28660.5,0.5631578947368421
2026-01-26,Telur Ayam,Banten,28500.0,28240.713,0.9097793311403509
2026-02-02,Telur Ayam,Banten,28957.14,28523.434,1.4977529074003837
2026-02-09,Telur Ayam,Banten,30112.5,29477.879,2.1075005188875053
2026-01-05,Telur Ayam,Bengkulu,31257.14,31122.414,0.4310245195177787
2026-01-12,Telur Ayam,Bengkulu,30500.0,30888.072,1.2723680840163933
2026-01-19,Telur Ayam,Bengkulu,30116.67,30072.506,0.14664350549047506
2026-01-26,Telur Ayam,Bengkulu,29800.0,29766.752,0.11157062709731544
2026-02-02,Telur Ayam,Bengkulu,29628.57,29829.328,0.6775829039336029
2026-02-09,Telur Ayam,Bengkulu,29450.0,29804.287,1.2030122559422751
2026-01-05,Telur Ayam,DI Yogyakarta,29892.86,30062.674,0.5680748784994123
2026-01-12,Telur Ayam,DI Yogyakarta,28666.67,29447.94,2.7253582405106758
2026-01-19,Telur Ayam,DI Yogyakarta,28000.0,28166.61,0.5950334821428571
2026-01-26,Telur Ayam,DI Yogyakarta,28000.0,27689.809,1.1078264508928573
2026-02-02,Telur Ayam,DI Yogyakarta,28928.57,28544.23,1.3285811612879577
2026-02-09,Telur Ayam,DI Yogyakarta,30750.0,29568.652,3.841780995934959
2026-01-05,Telur Ayam,DKI Jakarta,30535.71,30911.08,1.2292822997238344
2026-01-12,Telur Ayam,DKI Jakarta,29950.0,30159.441,0.6993035267111853
2026-01-19,Telur Ayam,DKI Jakarta,29600.0,29586.303,0.04627454603040541
2026-01-26,Telur Ayam,DKI Jakarta,29200.0,29342.379,0.48759899400684936
2026-02-02,Telur Ayam,DKI Jakarta,28828.57,28940.531,0.38836907276358246
2026-02-09,Telur Ayam,DKI Jakarta,31025.0,28920.572,6.783006396051572
2026-01-05,Telur Ayam,Gorontalo,37207.14,37275.71,0.1842951043805049
2026-01-12,Telur Ayam,Gorontalo,36691.67,36944.848,0.6900139902326652
2026-01-19,Telur Ayam,Gorontalo,37716.67,36286.902,3.7908109497736633
2026-01-26,Telur Ayam,Gorontalo,37957.14,37275.387,1.7961134090977333
2026-02-02,Telur Ayam,Gorontalo,37900.0,37396.277,1.3290835257255935
2026-02-09,Telur Ayam,Gorontalo,37900.0,37673.05,0.5988106035620053
2026-01-05,Telur Ayam,Jambi,28664.29,28630.703,0.11717323192027736
2026-01-12,Telur Ayam,Jambi,28641.67,27944.408,2.43443136128235
2026-01-19,Telur Ayam,Jambi,27966.67,28014.65,0.17156275890194203
2026-01-26,Telur Ayam,Jambi,27678.57,27446.973,0.8367388335090999
2026-02-02,Telur Ayam,Jambi,26964.29,27617.54,2.422645144745139
2026-02-09,Telur Ayam,Jambi,26212.5,27160.9,3.6181226156413926
2026-01-05,Telur Ayam,Jawa Barat,30200.0,29972.58,0.7530460989238411
2026-01-12,Telur Ayam,Jawa Barat,29491.67,29988.57,1.6848836044211866
2026-01-19,Telur Ayam,Jawa Barat,28650.0,29057.113,1.420988765270506
2026-01-26,Telur Ayam,Jawa Barat,28292.86,28277.17,0.05545596353638545
2026-02-02,Telur Ayam,Jawa Barat,28800.0,28352.17,1.5549655490451388
2026-02-09,Telur Ayam,Jawa Barat,30800.0,29029.959,5.746886414366883
2026-01-05,Telur Ayam,Jawa Tengah,29050.0,29409.45,1.2373467082616179
2026-01-12,Telur Ayam,Jawa Tengah,28308.33,28649.475,1.2051032659821268
2026-01-19,Telur Ayam,Jawa Tengah,27366.67,27769.303,1.4712521997561332
2026-01-26,Telur Ayam,Jawa Tengah,27035.71,27663.78,2.3231100528708177
2026-02-02,Telur Ayam,Jawa Tengah,27764.29,27658.203,0.38209828164163706
2026-02-09,Telur Ayam,Jawa Tengah,29487.5,28248.46,4.201912886816447
2026-01-05,Telur Ayam,Jawa Timur,28821.43,28453.88,1.275263373902684
2026-01-12,Telur Ayam,Jawa Timur,28158.33,28503.855,1.2270808274141196
2026-01-19,Telur Ayam,Jawa Timur,27650.0,27740.3,0.32658510397830015
2026-01-26,Telur Ayam,Jawa Timur,27471.43,27668.703,0.7181028617731211
2026-02-02,Telur Ayam,Jawa Timur,28228.57,28574.457,1.2253083710935422
2026-02-09,Telur Ayam,Jawa Timur,30175.0,28724.498,4.806965876139188
2026-01-05,Telur Ayam,Kalimantan Barat,34764.29,34595.11,0.48665059749530587
2026-01-12,Telur Ayam,Kalimantan Barat,34125.0,34606.805,1.4118818681318681
2026-01-19,Telur Ayam,Kalimantan Barat,33633.33,33877.023,0.7245593507987411
2026-01-26,Telur Ayam,Kalimantan Barat,33121.43,33036.05,0.25777636638877094
2026-02-02,Telur Ayam,Kalimantan Barat,33078.57,32985.42,0.28159658957445777
2026-02-09,Telur Ayam,Kalimantan Barat,33025.0,33277.92,0.7658497350492052
2026-01-05,Telur Ayam,Kalimantan Selatan,32650.0,32723.947,0.22648473392036755
2026-01-12,Telur Ayam,Kalimantan Selatan,32458.33,32612.557,0.4751527285137536
2026-01-19,Telur Ayam,Kalimantan Selatan,32166.67,32106.236,0.18787668066044216
2026-01-26,Telur Ayam,Kalimantan Selatan,31900.0,31979.914,0.250514302507837
2026-02-02,Telur Ayam,Kalimantan Selatan,31771.43,31843.328,0.22629804513048268
2026-02-09,Telur Ayam,Kalimantan Selatan,31850.0,31888.53,0.12097110478806908
2026-01-05,Telur Ayam,Kalimantan Tengah,33800.0,33734.613,0.19345183062130178
2026-01-12,Telur Ayam,Kalimantan Tengah,33133.33,33333.293,0.6035100267615668
2026-01-19,Telur Ayam,Kalimantan Tengah,33200.0,32694.104,1.523784591490964
2026-01-26,Telur Ayam,Kalimantan Tengah,32500.0,33206.473,2.1737620192307694
2026-02-02,Telur Ayam,Kalimantan Tengah,32300.0,32613.207,0.9696812113003096
2026-02-09,Telur Ayam,Kalimantan Tengah,33075.0,32342.467,2.214764030612245
2026-01-05,Telur Ayam,Kalimantan Timur,32150.0,31871.188,0.8672239502332815
2026-01-12,Telur Ayam,Kalimantan Timur,32016.67,31915.033,0.31744961882356365
2026-01-19,Telur Ayam,Kalimantan Timur,31900.0,31706.424,0.6068218554075234
2026-01-26,Telur Ayam,Kalimantan Timur,31771.43,31642.252,0.4065855609111717
2026-02-02,Telur Ayam,Kalimantan Timur,31621.43,31689.975,0.21676631757323978
2026-02-09,Telur Ayam,Kalimantan Timur,31762.5,31480.53,0.8877471959858323
2026-01-05,Telur Ayam,Kalimantan Utara,33450.0,33735.598,0.8538046524663677
2026-01-12,Telur Ayam,Kalimantan Utara,33600.0,32881.598,2.1381022135416665
2026-01-19,Telur Ayam,Kalimantan Utara,33041.67,33568.402,1.594145646240041
2026-01-26,Telur Ayam,Kalimantan Utara,32700.0,32709.668,0.029565653669724773
2026-02-02,Telur Ayam,Kalimantan Utara,32535.71,32782.6,0.7588325642809113
2026-02-09,Telur Ayam,Kalimantan Utara,32550.0,32656.346,0.32671490975422424
2026-01-05,Telur Ayam,Kepulauan Bangka Belitung,32942.86,32809.63,0.40443086529220773
2026-01-12,Telur Ayam,Kepulauan Bangka Belitung,33000.0,33328.797,0.9963541666666668
2026-01-19,Telur Ayam,Kepulauan Bangka Belitung,33733.33,33052.85,2.0172287689949426
2026-01-26,Telur Ayam,Kepulauan Bangka Belitung,33664.29,33672.695,0.024968037347584418
2026-02-02,Telur Ayam,Kepulauan Bangka Belitung,33750.0,33512.0,0.7051851851851851
2026-02-09,Telur Ayam,Kepulauan Bangka Belitung,33750.0,33784.08,0.10097222222222221
2026-01-05,Telur Ayam,Kepulauan Riau,30850.0,30805.88,0.1430118010534846
2026-01-12,Telur Ayam,Kepulauan Riau,30850.0,30674.928,0.5674951884116695
2026-01-19,Telur Ayam,Kepulauan Riau,30450.0,30860.678,1.3486953509852218
2026-01-26,Telur Ayam,Kepulauan Riau,30250.0,30572.525,1.066199638429752
2026-02-02,Telur Ayam,Kepulauan Riau,30678.57,30731.725,0.17326299555357466
2026-02-09,Telur Ayam,Kepulauan Riau,30850.0,31309.463,1.4893448642625606
2026-01-05,Telur Ayam,Lampung,29150.0,29169.188,0.06582332761578044
2026-01-12,Telur Ayam,Lampung,29191.67,29118.432,0.2508878710090867
2026-01-19,Telur Ayam,Lampung,29075.0,29458.082,1.3175650257953568
2026-01-26,Telur Ayam,Lampung,28800.0,29097.164,1.0318196614583335
2026-02-02,Telur Ayam,Lampung,28728.57,29040.42,1.085504506054427
2026-02-09,Telur Ayam,Lampung,29362.5,28829.326,1.8158325351213285
2026-01-05,Telur Ayam,Maluku,38114.29,39513.67,3.6715412382075048
2026-01-12,Telur Ayam,Maluku,37600.0,38367.375,2.040890957446808
2026-01-19,Telur Ayam,Maluku,37600.0,37582.195,0.04735289228723404
2026-01-26,Telur Ayam,Maluku,37057.14,37411.14,0.9552831788961604
2026-02-02,Telur Ayam,Maluku,36857.14,36959.547,0.27784813200373276
2026-02-09,Telur Ayam,Maluku,36800.0,36786.754,0.03599481997282609
2026-01-05,Telur Ayam,Maluku Utara,38750.0,38589.29,0.4147379032258065
2026-01-12,Telur Ayam,Maluku Utara,38750.0,38648.18,0.26276209677419354
2026-01-19,Telur Ayam,Maluku Utara,38750.0,38680.195,0.18014112903225807
2026-01-26,Telur Ayam,Maluku Utara,38750.0,38772.07,0.05695564516129033
2026-02-02,Telur Ayam,Maluku Utara,38750.0,38778.7,0.0740625
2026-02-09,Telur Ayam,Maluku Utara,38750.0,38612.34,0.3552520161290323
2026-01-05,Telur Ayam,Nusa Tenggara Barat,30207.14,29668.164,1.7842666915835113
2026-01-12,Telur Ayam,Nusa Tenggara Barat,29966.67,29995.848,0.0973670289358202
2026-01-19,Telur Ayam,Nusa Tenggara Barat,29950.0,29815.29,0.449786101836394
2026-01-26,Telur Ayam,Nusa Tenggara Barat,30000.0,30170.947,0.56982421875
2026-02-02,Telur Ayam,Nusa Tenggara Barat,29878.57,30358.824,1.6073534267202223
2026-02-09,Telur Ayam,Nusa Tenggara Barat,29650.0,30143.55,1.6645894814502529
2026-01-05,Telur Ayam,Nusa Tenggara Timur,33900.0,34331.777,1.2736794800884956
2026-01-12,Telur Ayam,Nusa Tenggara Timur,33750.0,33555.71,0.5756712962962962
2026-01-19,Telur Ayam,Nusa Tenggara Timur,33425.0,33355.824,0.20695820867614062
2026-01-26,Telur Ayam,Nusa Tenggara Timur,33150.0,33109.52,0.12211302790346908
2026-02-02,Telur Ayam,Nusa Tenggara Timur,33850.0,33038.957,2.395991045051699
2026-02-09,Telur Ayam,Nusa Tenggara Timur,34525.0,34114.39,1.1893102824040551
2026-01-05,Telur Ayam,Papua,41242.86,39688.52,3.7687504425008367
2026-01-12,Telur Ayam,Papua,41300.0,39656.047,3.9805160411622276
2026-01-19,Telur Ayam,Papua,41083.33,39464.344,3.9407376422505225
2026-01-26,Telur Ayam,Papua,41000.0,39320.273,4.096894054878049
2026-02-02,Telur Ayam,Papua,41028.57,39199.84,4.457211538813075
2026-02-09,Telur Ayam,Papua,41050.0,39223.57,4.449280602923264
2026-01-05,Telur Ayam,Papua Barat,39857.14,38936.977,2.3086539513371993
2026-01-12,Telur Ayam,Papua Barat,39750.0,38983.84,1.9274469339622642
2026-01-19,Telur Ayam,Papua Barat,38833.33,38779.707,0.138084909921456
2026-01-26,Telur Ayam,Papua Barat,37935.71,38560.62,1.6472898325878198
2026-02-02,Telur Ayam,Papua Barat,37607.14,37636.066,0.07691732540682589
2026-02-09,Telur Ayam,Papua Barat,37025.0,37596.008,1.5422223160027009
2026-01-05,Telur Ayam,Riau,33025.0,32459.99,1.7108547028766086
2026-01-12,Telur Ayam,Riau,31616.67,32585.203,3.0633622231563344
2026-01-19,Telur Ayam,Riau,31208.33,31528.262,1.0251484739811398
2026-01-26,Telur Ayam,Riau,30878.57,31068.674,0.6156497147536311
2026-02-02,Telur Ayam,Riau,30400.0,30873.273,1.5568205180921053
2026-02-09,Telur Ayam,Riau,31175.0,30701.162,1.5199290797914995
2026-01-05,Telur Ayam,Sulawesi Barat,27350.0,26921.0,1.5685557586837293
2026-01-12,Telur Ayam,Sulawesi Barat,27350.0,27099.074,0.9174617230347348
2026-01-19,Telur Ayam,Sulawesi Barat,27300.0,27126.49,0.635566907051282
2026-01-26,Telur Ayam,Sulawesi Barat,27250.0,27239.28,0.03934202981651376
2026-02-02,Telur Ayam,Sulawesi Barat,27250.0,27417.059,0.6130590596330275
2026-02-09,Telur Ayam,Sulawesi Barat,27237.5,27390.352,0.5611805874254245
2026-01-05,Telur Ayam,Sulawesi Selatan,28550.0,27806.814,2.6031017403677756
2026-01-12,Telur Ayam,Sulawesi Selatan,28333.33,28240.53,0.32753193191552754
2026-01-19,Telur Ayam,Sulawesi Selatan,27808.33,27706.592,0.3658551345046673
2026-01-26,Telur Ayam,Sulawesi Selatan,28000.0,27190.379,2.89150390625
2026-02-02,Telur Ayam,Sulawesi Selatan,28221.43,27931.375,1.0277827877609331
2026-02-09,Telur Ayam,Sulawesi Selatan,28312.5,28098.75,0.7549668874172186
2026-01-05,Telur Ayam,Sulawesi Tengah,32814.29,32732.361,0.24967376065427857
2026-01-12,Telur Ayam,Sulawesi Tengah,32716.67,33035.953,0.9759034920118759
2026-01-19,Telur Ayam,Sulawesi Tengah,32500.0,32665.178,0.5082391826923077
2026-01-26,Telur Ayam,Sulawesi Tengah,32450.0,32369.346,0.24854945107858242
2026-02-02,Telur Ayam,Sulawesi Tengah,32450.0,32119.918,1.0172019453004622
2026-02-09,Telur Ayam,Sulawesi Tengah,32825.0,32361.744,1.411289746763138
2026-01-05,Telur Ayam,Sulawesi Tenggara,32700.0,32726.648,0.08149369266055045
2026-01-12,Telur Ayam,Sulawesi Tenggara,32658.33,32792.566,0.411032671450127
2026-01-19,Telur Ayam,Sulawesi Tenggara,32550.0,32802.152,0.7746615783410138
2026-01-26,Telur Ayam,Sulawesi Tenggara,32392.86,32501.328,0.33485195502959425
2026-02-02,Telur Ayam,Sulawesi Tenggara,32471.43,32448.268,0.07133169643283432
2026-02-09,Telur Ayam,Sulawesi Tenggara,32562.5,32938.656,1.1551823416506717
2026-01-05,Telur Ayam,Sulawesi Utara,33907.14,33812.406,0.27939174462959543
2026-01-12,Telur Ayam,Sulawesi Utara,33100.0,33165.934,0.19919514728096677
2026-01-19,Telur Ayam,Sulawesi Utara,32583.33,32138.307,1.3658007311560905
2026-01-26,Telur Ayam,Sulawesi Utara,31607.14,32068.998,1.4612459301126284
2026-02-02,Telur Ayam,Sulawesi Utara,30850.0,31235.398,1.2492655996758508
2026-02-09,Telur Ayam,Sulawesi Utara,31037.5,30738.816,0.9623313532017721
2026-01-05,Telur Ayam,Sumatera Barat,31000.0,30403.941,1.9227696572580646
2026-01-12,Telur Ayam,Sumatera Barat,30166.67,30555.322,1.28834990943648
2026-01-19,Telur Ayam,Sumatera Barat,30000.0,30047.432,0.15810546875
2026-01-26,Telur Ayam,Sumatera Barat,29514.29,30223.008,2.4012700712095705
2026-02-02,Telur Ayam,Sumatera Barat,29200.0,29632.656,1.48169948630137
2026-02-09,Telur Ayam,Sumatera Barat,29750.0,29368.57,1.2821165966386554
2026-01-05,Telur Ayam,Sumatera Selatan,30364.29,30029.578,1.102320768903211
2026-01-12,Telur Ayam,Sumatera Selatan,30041.67,30151.58,0.3658587492805884
2026-01-19,Telur Ayam,Sumatera Selatan,29800.0,29643.205,0.5261574559563759
2026-01-26,Telur Ayam,Sumatera Selatan,29650.0,29533.748,0.3920807862563238
2026-02-02,Telur Ayam,Sumatera Selatan,29242.86,29824.086,1.9875823961814931
2026-02-09,Telur Ayam,Sumatera Selatan,29700.0,29307.424,1.3218052925084176
2026-01-05,Telur Ayam,Sumatera Utara,34125.0,33413.305,2.085554029304029
2026-01-12,Telur Ayam,Sumatera Utara,34125.0,33589.805,1.568337912087912
2026-01-19,Telur Ayam,Sumatera Utara,33975.0,33631.535,1.0109340507726268
2026-01-26,Telur Ayam,Sumatera Utara,33607.14,33691.805,0.25192470260784045
2026-02-02,Telur Ayam,Sumatera Utara,32042.86,33112.098,3.3368983175971167
2026-02-09,Telur Ayam,Sumatera Utara,31725.0,32074.682,1.1022273936170213
